Workbook
Name Assistants: #REF!
Name Equipes: #REF!
Name Shift1: #REF!
Name Shift2: #REF!
Name Shift3: #REF!
Name Shift4: #REF!
Name Shift5: #REF!

Sheet Config
A2: 03 - Horaires Op Polyvalent Arrière.xlsx | B2: Op. poly arrière- | C2: Op. poly arrière-2026 | G2: Mise à jour horaire uniquement | L2: Mise à jour horaire par poste
A3: 04 - Horaires Op Fermentation.xlsx | B3: Op. éthanol (ferm.)- | C3: Op. éthanol (ferm.)-2026
A4: 05 - Horaires Op Distillation.xlsx | B4: Op. éthanol (dist.)- | C4: Op. éthanol (dist.)-2026
A5: 12 - Horaires Renforts.xlsx | B5: Renforts- | C5: Renforts-2026
A6: 06 - Horaires Op Meunerie.xlsx | B6: Meunerie- | C6: Meunerie-2026
A7: 07 - Horaires Op Gluten.xlsx | B7: Op. gluten- | C7: Op. gluten-2026
A8: 08 - Horaires Op Polyvalent Av.xlsx | B8: Op. poly av- | C8: Op. poly av-2026
A9: 09 - Horaires Op Polyvalent Avant.xlsx | B9: Op. poly avant- | C9: Op. poly avant-2026
A10: 10 - Horaires Op Centrale Thermique.xlsx | B10: Op. chaudière- | C10: Op. chaudière-2026 | G10: Modifications générales de la base de données
A11: B - Horaires Adjoints Contremaître.xlsx | B11: Adjoints- | C11: Adjoints-2026
A12: A - Horaires Contremaîtres de Production.xlsx | B12: Contremaîtres- | C12: Contremaîtres-2026
A13: 02 - Horaires Opérateurs en formation.xlsx | B13: Op. en formation- | C13: Op. en formation-2026
A14: 13 - Horaires Chaudières + renfort.xlsx | B14: Op. Chaudières+renfort- | C14: Op. Chaudières+renfort-2026
A15: 11 - Horaires Op STEP.xlsx | B15: Op. STEP- | C15: Op. STEP-2026
B18: Date de dernière mise à jour
B19: =Shift1!O2 -> 46295.595
A21: LIRE LES INSTRUCTIONS JUSQU'A LA FIN
A22: ATTENTION : pour les prochaines années, il faut que les lignes de 11 à 376 des 10 fichiers par fonction soient consacrées à l’horaire. En cas d’année avec 28j en février, la ligne 376 est vide
A23: Les lignes de 377 à 420 sont utilisées pour les compteurs;
A25: ATTENTION : les noms des onglets avec les horaires doivent correspondre à ceux marqués ci-dessus !! Attention aux espaces avant ou après les noms ci-dessous et sur les onglets !
A26: quand je crée le nouvel horaire, pas de barre d'espacement quand je renomme le nouvel onglet !!
A28: Au changement d'année :
A29: 1/ L'horaire Op Polyvalent Arrière doit être créer
A30: 2/ macro "mise à jour de l'année" :
A31: 3/ générer la mise à jour des noms puis l'horaire
A32: 4/ vérifier la compteurs en bas de page (cellules masquées et affichées)

Sheet Shift1
A1: SHIFT 1 | O1: Date de dernière mise à jour
O2: 46295.595
O4: VA | P4: Vacances annuelles | U4: xxx | V4: Congé accordé sous restriction - Rappelable | AB4: CP | AC4: Congé Parental
O5: RTT | P5: Récup. temps de travail | U5: R | V5: Remplacement | AB5: CSS | AC5: Congé sans solde
O6: RHS | P6: Récup. heures supplémentaires | U6: Abs, | V6: Absence - Maladie | AB6: R-CM | AC6: Remplacement Contremaître
O7: RJF | P7: Récup. Jour férié | U7: DS | V7: Délégation syndicale
C9: Adjoints Contremaître | O9: Polyvalent | Q9: Fermentation | S9: Distillation | U9: Renfort arrière | Y9: Meunerie | AA9: Gluten | AC9: Polyvalent | AE9: Polyvalent | AG9: Chaudières
C10: VGG | G10: JBI | I10: YBT | K10: ATR | M10: FPA | O10: DWS | Q10: APN | S10: GDT | U10: BBZ | Y10: TCE | AA10: NRD | AC10: CJD | AE10: HKB | AI10: KDN | AK10: PDF
B11: 1 | C11: - | G11: - | I11: AM | J11: Abs | K11: PM | L11: 8h -FT | M11: H. flott. | N11: 8h -FT | O11: N | Q11: N | S11: N | U11: N | V11: 8h -FT | Y11: N | AA11: PM | AE11: N | AG11: N | AI11: N | AJ11: RJF | AK11: N
B12: 2 | C12: H. flott | D12: RTT | G12: AM | H12: RHS | I12: PM | J12: Abs | K12: N | L12: R-CM | M12: H. flott. | N12: 4h RTT- | O12: - | Q12: - | S12: - | U12: - | Y12: - | AA12: N | AE12: - | AG12: - | AI12: - | AK12: -
A13: J | B13: 3 | C13: - | G13: AM | I13: PM | J13: Abs | K13: N | L13: R-CM | M13: - | N13: 4h RTT | O13: - | Q13: - | S13: - | U13: - | Y13: - | AA13: N | AE13: - | AG13: - | AI13: - | AK13: -
A14: A | B14: 4 | C14: - | G14: AM | H14: poly. Arr. | I14: PM | J14: Abs | K14: N | L14: R-CM | M14: - | O14: - | Q14: - | S14: - | U14: - | Y14: - | AA14: N | AE14: - | AG14: - | AI14: - | AK14: -
A15: N | B15: 5 | C15: H. flott. | G15: PM | H15: RTT - | I15: N | J15: Abs | K15: - | M15: AM | N15: R-CM | O15: 7h-15h | P15: TP | Q15: 6h-14h | S15: - | U15: 7h-15h | V15: VA | Y15: D | Z15: VA | AA15: - | AE15: - | AG15: 7h-15h | AI15: - | AK15: -
A16: V | B16: 6 | C16: H. flott. | D16: 1h RHS | G16: PM | H16: poly. Arr. | I16: N | J16: Abs | K16: - | M16: AM | N16: R-CM | O16: 7h-15h | P16: TP | Q16: 6h-14h | R16: Abs | S16: 6h-14h | T16: 2h RTT- | U16: 7h-15h | V16: VA | Y16: D | Z16: VA | AA16: - | AE16: - | AG16: 7h-15h | AI16: - | AK16: -
A17: I | B17: 7 | C17: H. flott. | D17: R-CM | G17: N | H17: R-CM | I17: - | J17: Abs | K17: R-CM | L17: 2h RTT- | M17: PM | N17: R-CM | O17: 7h-15h | P17: 4h RTT | Q17: 6h-14h | R17: Abs | S17: 6h-14h | T17: 2h RTT- | U17: 7h-15h | V17: VA | Y17: D | Z17: R | AA17: AM | AE17: 6h-14h | AG17: 7h-15h | AI17: 6h-14h | AJ17: CP | AK17: 6h-14h | AL17: R
A18: E | B18: 8 | C18: H. flott. | D18: R-CM | G18: N | H18: R-CM | I18: - | J18: Abs | K18: AM | L18: VA | M18: PM | N18: R-CM | O18: - | Q18: - | R18: Abs | S18: 6h-14h | T18: - | U18: - | Y18: - | AA18: AM | AB18: 2h RTT | AE18: 6h-14h | AG18: - | AI18: 6h-14h | AJ18: CP | AK18: 6h-14h | AL18: VA
A19: R | B19: 9 | C19: H. flott. | D19: RJF | G19: - | I19: AM | J19: Abs | K19: PM | L19: R-CM | M19: N | N19: R-CM | O19: - | Q19: - | R19: Abs | S19: 6h-14h | T19: RTT- | U19: - | Y19: - | AA19: PM | AB19: 2h RTT | AE19: 6h-14h | AG19: - | AI19: 6h-14h | AJ19: VA | AK19: 6h-14h
B20: 10 | C20: - | G20: - | H20: 4h +FT | I20: AM | J20: Abs | K20: PM | L20: R-CM | M20: N | N20: R-CM | O20: - | Q20: - | R20: Abs | S20: - | U20: - | Y20: - | AA20: PM | AE20: - | AG20: - | AI20: - | AK20: -
B21: 11 | C21: - | G21: - | I21: AM | J21: Abs | K21: PM | L21: R-CM | M21: N | N21: R-CM | O21: - | Q21: - | R21: Abs | S21: - | U21: - | Y21: - | AA21: PM | AE21: - | AG21: - | AI21: - | AK21: -
B22: 12 | C22: AM | D22: poly-arr | G22: AM | H22: R-CM | I22: PM | J22: Abs | K22: N | M22: - | O22: AM | P22: chaudières | Q22: AM | R22: Abs | S22: AM | U22: AM | Y22: AM | AA22: N | AC22: D | AE22: AM | AG22: AM | AI22: AM | AK22: AM | AL22: F
B23: 13 | C23: AM | D23: Abs | G23: 7h-15h | H23: 1h rhs | I23: PM | J23: Abs | K23: N | L23: R-CM | M23: - | N23: 2h +FT | O23: AM | Q23: AM | R23: Abs | S23: AM | U23: AM | Y23: AM | AA23: N | AC23: D | AE23: AM | AG23: AM | AI23: AM | AK23: AM
A24: 2 | B24: 14 | C24: PM | D24: Abs | G24: 14h-01h | H24: R-CM | I24: PM | J24: Abs | K24: - | M24: AM | N24: R-CM | O24: F | P24: 2h +FT | Q24: PM | S24: terr. Arr. | T24: 2h RTT | U24: PM | V24: R | Y24: PM | AA24: - | AC24: D | AE24: PM | AF24: N | AG24: PM | AI24: PM | AJ24: N | AK24: PM
A25: 0 | B25: 15 | C25: PM | D25: Abs | G25: PM | H25: R-CM | I25: N | J25: Abs | K25: - | M25: AM | N25: R-CM | O25: AM | P25: 3h RTT | Q25: PM | S25: PM | T25: AM | U25: PM | V25: R | Y25: PM | AA25: - | AC25: D | AE25: PM | AF25: N | AG25: PM | AI25: PM | AK25: D-F | AL25: 2h RTT
A26: 2 | B26: 16 | C26: N | D26: Abs | G26: - | H26: 3h +FT | I26: - | J26: Abs | K26: AM | L26: R-CM | M26: PM | N26: R-CM | O26: N | P26: Abs | Q26: N | S26: N | T26: terr. Arr. | U26: N | V26: R | Y26: N | AA26: AM | AC26: D | AE26: N | AG26: N | AI26: N | AK26: N
A27: 6 | B27: 17 | C27: N | D27: Abs | G27: - | H27: 18h-22h | I27: - | J27: Abs | K27: AM | L27: R-CM | M27: PM | N27: 8h -FT | O27: N | P27: Abs | Q27: N | S27: N | T27: terr. Arr. | U27: N | V27: R | Y27: N | AA27: AM | AC27: - | AE27: N | AG27: N | AI27: N | AK27: N
B28: 18 | C28: N | D28: Abs | G28: - | I28: - | J28: Abs | K28: AM | L28: R-CM | M28: PM | N28: Abs | O28: N | P28: Abs | Q28: N | S28: N | T28: terr. Arr. | U28: N | V28: R | Y28: N | AA28: AM | AC28: - | AE28: N | AG28: N | AI28: N | AK28: N
B29: 19 | C29: - | G29: AM | H29: R-CM | I29: D | J29: Abs | K29: PM | M29: N | N29: Abs | O29: - | P29: Abs | Q29: - | S29: - | U29: - | Y29: - | AA29: PM | AC29: D | AE29: - | AG29: - | AI29: - | AK29: -
B30: 20 | C30: - | G30: AM | H30: R-CM | I30: D | J30: Abs | K30: PM | L30: meunerie | M30: N | N30: Abs | O30: - | P30: Abs | Q30: - | S30: - | U30: - | Y30: - | AA30: PM | AC30: D | AD30: 4h RTT | AE30: - | AG30: - | AI30: - | AK30: -
B31: 21 | C31: AM | D31: R-CM | G31: 7h-15h | H31: F | I31: D | J31: Abs | K31: N | L31: DS-CE | M31: N | N31: Abs | O31: AM | P31: Abs | Q31: AM | S31: AM | T31: terr. Arr. | U31: AM | V31: R | Y31: AM | AA31: N | AB31: Abs | AC31: D | AE31: AM | AG31: AM | AI31: AM | AJ31: F | AK31: AM
B32: 22 | C32: PM | D32: R-CM | G32: 7h-15h | H32: 3h rhs | I32: - | J32: Abs | K32: AM | L32: R-CM | M32: - | N32: Abs | O32: AM | P32: Abs | Q32: AM | S32: AM | T32: terr. Arr. | U32: AM | V32: R | Y32: AM | AA32: N | AB32: Abs | AC32: D | AE32: AM | AG32: AM | AI32: AM | AJ32: 06h-18h | AK32: AM
B33: 23 | C33: PM | D33: VA | G33: 7h-15h | H33: F | I33: - | J33: Abs | K33: - | M33: AM | N33: Abs | O33: PM | P33: Abs | Q33: PM | R33: 1/2VA | S33: PM | T33: terr. Arr. | U33: PM | V33: R | Y33: PM | AA33: - | AC33: D | AE33: PM | AG33: PM | AI33: PM | AK33: PM
B34: 24 | C34: PM | D34: VA | G34: - | I34: - | J34: Abs | K34: - | L34: 2h RTT | M34: AM | N34: Abs | O34: PM | P34: Abs | Q34: PM | S34: PM | T34: terr. Arr. | U34: PM | V34: RJF | Y34: PM | AA34: - | AC34: - | AE34: PM | AG34: PM | AI34: PM | AJ34: VA | AK34: PM
B35: 25 | C35: PM | D35: VA | G35: - | I35: - | J35: Abs | K35: - | M35: PM | N35: Abs | O35: PM | P35: Abs | Q35: PM | S35: PM | T35: AM | U35: PM | V35: R | Y35: PM | AA35: 10h-22h | AB35: 4h +FT | AC35: - | AE35: PM | AF35: 4h -FT | AG35: PM | AI35: PM | AJ35: 18h-06h | AK35: PM | AL35: VA
B36: 26 | C36: N | D36: R-CM | G36: AM | H36: poly. Arr. | I36: D | J36: Abs | K36: 7h-15h | L36: F | M36: PM | N36: Abs | O36: N | P36: Abs | Q36: N | S36: N | T36: terr. Arr. | U36: N | V36: R | Y36: N | AA36: N | AB36: VA | AC36: D | AE36: N | AG36: N | AI36: N | AK36: N | AL36: F
B37: 27 | C37: N | D37: 4h RTT | G37: AM | H37: RHS | I37: D | J37: Abs | K37: 7h-15h | L37: F | M37: PM | N37: Abs | O37: N | P37: Abs | Q37: N | R37: R | S37: N | T37: terr. Arr. | U37: N | V37: R | Y37: N | AA37: N | AC37: D | AE37: N | AG37: N | AI37: N | AK37: N | AL37: F
B38: 28 | C38: - | G38: PM | H38: RHS | I38: D | J38: Abs | K38: 7h-15h | L38: R | M38: N | N38: Abs | O38: - | P38: Abs | Q38: - | S38: - | U38: - | Y38: - | AA38: - | AC38: D | AE38: - | AG38: - | AI38: - | AK38: - | AL38: F
B39: 29 | C39: - | G39: PM | H39: VA | I39: D | J39: Abs | K39: - | M39: N | N39: Abs | O39: - | P39: Abs | Q39: - | S39: - | U39: - | Y39: - | AA39: - | AC39: D | AE39: - | AG39: - | AI39: - | AK39: -
B40: 30 | C40: AM | D40: Abs | G40: 18h-06h | H40: R-CM | I40: D | J40: Abs | K40: - | M40: - | N40: Abs | O40: AM | P40: Abs | Q40: AM | S40: AM | T40: terr. Arr. | U40: AM | V40: R | Y40: AM | AA40: AM | AB40: PM | AC40: D | AE40: AM | AF40: N | AG40: AM | AI40: AM | AK40: AM | AL40: -
B41: 31 | C41: R-CM | D41: 06h-16h | G41: N | H41: 19h-22h | I41: - | J41: Abs | K41: - | M41: - | N41: Abs | O41: AM | P41: Abs | Q41: AM | R41: PM | S41: AM | T41: Abs | U41: AM | V41: R | Y41: AM | AA41: AM | AB41: PM | AC41: - | AE41: AM | AF41: N | AG41: AM | AI41: AM | AK41: AM
B42: 1 | C42: AM | D42: R-CM | G42: N | H42: poly-arr | I42: - | J42: Abs | K42: - | M42: - | N42: Abs | O42: AM | P42: Abs | Q42: AM | R42: PM | S42: terr. Arr. | T42: Abs | U42: AM | V42: R | Y42: AM | AA42: AM | AB42: PM | AC42: - | AE42: N | AF42: 1h -FT | AG42: AM | AI42: AM | AJ42: RJF | AK42: AM
B43: 2 | C43: PM | D43: poly. Arr. | G43: - | H43: 4h +FT | I43: AM | J43: Abs | K43: 7h-15h | L43: R | M43: H. flott. | N43: CP | O43: PM | P43: Abs | Q43: PM | S43: PM | T43: Abs | U43: PM | V43: R | Y43: PM | Z43: 2h rhs | AA43: PM | AC43: PM | AE43: meunerie | AF43: 2h RTT | AG43: PM | AI43: PM | AK43: PM
A44: F | B44: 3 | C44: PM | D44: poly. Arr. | G44: - | I44: AM | J44: Abs | K44: 7h-15h | L44: F | M44: H. flott. | N44: CP | O44: PM | P44: Abs | Q44: PM | R44: F | S44: PM | T44: Abs | U44: PM | V44: F | Y44: PM | Z44: F | AA44: PM | AC44: PM | AE44: RHS | AF44: F | AG44: PM | AI44: PM | AJ44: RHS | AK44: PM | AL44: F
A45: E | B45: 4 | C45: PM | D45: poly. Arr. | G45: AM | H45: R | I45: PM | J45: Abs | K45: 7h-15h | L45: R | M45: H. flott. | N45: CP | O45: N | P45: Abs | Q45: N | S45: N | T45: Abs | U45: N | V45: R | Y45: N | Z45: F | AA45: N | AC45: N | AE45: N | AF45: meun. | AG45: N | AI45: N | AK45: N
A46: V | B46: 5 | C46: PM - poly. Arr. | D46: 2h +FT | G46: AM | H46: RHS | I46: PM | J46: Abs | K46: 7h-15h | L46: 4h RTT | M46: - | O46: N | P46: Abs | Q46: N | S46: N | T46: Abs | U46: N | V46: R | Y46: N | Z46: RHS | AA46: N | AC46: N | AE46: meunerie | AF46: 2h -FT | AG46: N | AI46: N | AK46: N
A47: R | B47: 6 | C47: - | G47: PM | H47: RHS | I47: N | J47: Abs | K47: 7h-15h | M47: - | O47: - | P47: Abs | Q47: - | S47: - | U47: - | Y47: - | AA47: - | AB47: N | AC47: - | AE47: - | AG47: - | AI47: - | AK47: -
A48: I | B48: 7 | C48: - | G48: PM | H48: 1h -FT | I48: N | J48: Abs | K48: - | M48: - | O48: - | P48: Abs | Q48: - | S48: - | U48: - | Y48: - | AA48: - | AC48: - | AE48: - | AG48: - | AI48: - | AK48: -
A49: E | B49: 8 | C49: - | G49: PM | H49: distil. | I49: N | J49: Abs | K49: - | M49: - | O49: - | P49: Abs | Q49: - | S49: - | U49: - | Y49: - | AA49: - | AC49: - | AE49: - | AG49: - | AI49: - | AK49: -
A50: R | B50: 9 | C50: 8h-12h | D50: 1h RTT | G50: N | H50: RHS | I50: - | J50: Abs | K50: AM | L50: meunerie | M50: H. flott. | N50: RJF | O50: - | P50: Abs | Q50: - | S50: 6h-14h | T50: - | U50: - | Y50: - | AA50: 6h-14h | AB50: VA | AC50: D | AD50: 6h-14h | AE50: 6h-14h | AF50: VA | AG50: - | AI50: 6h-14h | AJ50: CP | AK50: 6h-14h | AL50: VA
B51: 10 | C51: H. flott. | D51: Abs | G51: N | H51: poly-arr | I51: - | J51: Abs | K51: AM | L51: R-CM | M51: H. flott. | N51: Abs | O51: - | P51: Abs | Q51: - | S51: 6h-14h | T51: Abs | U51: - | Y51: - | AA51: 6h-14h | AB51: PM | AC51: D | AD51: 6h-14h | AE51: 6h-14h | AF51: RJF | AG51: - | AI51: 6h-14h | AJ51: CP | AK51: 6h-14h | AL51: Abs
B52: 11 | C52: 7h-12h | D52: 3h RTT | G52: - | I52: AM | J52: Abs | K52: PM | L52: R-CM | M52: H. flott. | N52: RJF | O52: 7h-15h | P52: TP | Q52: 6h-14h | S52: 6h-14h | T52: Abs | U52: 7h-15h | V52: VA | Y52: D | AA52: PM | AB52: RHS | AC52: D | AD52: 6h-14h | AE52: 6h-14h | AF52: RJF | AG52: 7h-15h | AI52: 6h-14h | AJ52: CP | AK52: 6h-14h | AL52: VA
B53: 12 | C53: H. flott. | D53: Chaudières | G53: - | H53: 3h +FT | I53: AM | J53: Abs | K53: PM | L53: DS | M53: H. flott. | N53: RJF | O53: 7h-15h | P53: TP | Q53: 6h-14h | S53: 6h-14h | T53: Abs | U53: 7h-15h | V53: VA | Y53: D | Z53: VA | AA53: - | AC53: D | AD53: 6h-14h | AE53: - | AG53: 7h-15h | AI53: - | AK53: -
B54: 13 | C54: - | D54: H. flott. | G54: AM | H54: RHS | I54: PM | J54: Abs | K54: N | L54: R-CM | M54: H. flott. | N54: RJF | O54: 7h-15h | P54: TP | Q54: 6h-14h | S54: - | U54: 7h-15h | V54: 6h RTT | Y54: D | Z54: VA | AA54: - | AC54: D | AD54: 6h-14h | AE54: - | AF54: 18h-22h | AG54: 7h-15h | AI54: - | AK54: -
A55: 2 | B55: 14 | C55: - | G55: AM | I55: PM | J55: Abs | K55: N | L55: R-CM | M55: - | O55: - | P55: Abs | Q55: - | S55: - | U55: 02h-06h | V55: 4h +FT | Y55: - | AA55: - | AC55: - | AE55: - | AG55: - | AI55: - | AK55: -
A56: 0 | B56: 15 | C56: - | G56: R-CM | H56: 3h -FT | I56: PM | J56: Abs | K56: N | L56: R-CM | M56: - | O56: - | P56: Abs | Q56: - | S56: - | U56: - | Y56: - | AA56: - | AC56: - | AE56: - | AG56: - | AI56: - | AK56: -
A57: 2 | B57: 16 | C57: H. flott. | D57: - | G57: R-CM | H57: 18h-06h | I57: N | J57: Abs | K57: - | L57: 4h +FT | M57: AM | N57: meunerie | O57: AM | P57: Abs | Q57: AM | S57: AM | T57: terr. Arr. | U57: AM | V57: R | Y57: AM | Z57: RHS | AA57: AM | AC57: AM | AE57: AM | AF57: RHS | AG57: AM | AI57: AM | AJ57: Abs | AK57: AM
A58: 6 | B58: 17 | C58: H. flott. | D58: - | G58: R-CM | H58: 18h-06h | I58: N | J58: Abs | K58: - | M58: AM | N58: meunerie | O58: AM | Q58: AM | S58: 02h-14h | T58: 4h +FT | U58: AM | Y58: AM | Z58: RHS | AA58: AM | AC58: AM | AE58: AM | AF58: N | AG58: AM | AI58: AM | AK58: AM
B59: 18 | C59: H. flott. | D59: VA | G59: N | H59: R-CM | I59: - | J59: Abs | K59: AM | L59: DS-CE | M59: PM | N59: R-CM | O59: PM | P59: Ferm. Liq. | Q59: PM | R59: 2h RTT | S59: PM | T59: 1/2DTT | U59: PM | Y59: PM | Z59: RHS | AA59: PM | AC59: PM | AE59: N | AF59: Meunerie | AG59: PM | AI59: PM | AK59: PM | AL59: 4h RTT
B60: 19 | C60: H. flott. | D60: VA | G60: N | H60: RHS | I60: - | J60: Abs | K60: AM | L60: R | M60: PM | N60: Abs | O60: PM | Q60: PM | S60: PM | T60: AM | U60: PM | Y60: PM | Z60: RHS | AA60: PM | AC60: PM | AE60: N | AF60: Meunerie | AG60: PM | AI60: PM | AK60: PM
B61: 20 | C61: H. flott. | D61: VA | G61: - | I61: AM | J61: Abs | K61: PM | L61: R-CM | M61: N | N61: Abs | O61: N | Q61: N | S61: N | U61: N | Y61: N | Z61: F-PM | AA61: N | AC61: N | AE61: N | AG61: N | AI61: N | AK61: N
B62: 21 | C62: - | D62: SD26 | G62: - | I62: AM | J62: Abs | K62: PM | L62: R-CM | M62: N | N62: Abs | O62: N | Q62: N | S62: N | U62: N | Y62: N | AA62: N | AC62: N | AE62: N | AG62: N | AI62: N | AK62: N
B63: 22 | C63: - | D63: - | G63: - | I63: AM | J63: Abs | K63: R-CM | L63: N | M63: N | N63: Abs | O63: N | Q63: N | S63: N | U63: N | Y63: N | AA63: N | AB63: 2h -FT | AC63: N | AE63: N | AG63: N | AI63: N | AJ63: 1/2RJF | AK63: N
B64: 23 | C64: AM | D64: SD26 | G64: 7h-15h | H64: - | I64: PM | J64: Abs | K64: N | L64: 1h rhs | M64: - | N64: Abs | O64: - | Q64: - | S64: - | U64: - | Y64: - | AA64: - | AC64: - | AE64: - | AG64: - | AI64: - | AK64: -
B65: 24 | C65: AM | D65: SD26 | G65: 7h-15h | H65: - | I65: PM | J65: Abs | K65: N | L65: RTT | M65: - | N65: Abs | O65: - | Q65: - | S65: - | U65: - | Y65: - | AA65: - | AC65: - | AE65: - | AG65: - | AI65: - | AK65: -
B66: 25 | C66: PM | D66: SD26 -F | G66: 7h-15h | H66: SD26 | I66: N | J66: Abs | K66: - | M66: AM | N66: Abs | O66: AM | P66: RTT | Q66: AM | S66: AM | T66: terr. Arr. | U66: AM | V66: R | Y66: AM | AA66: AM | AC66: AM | AE66: AM | AG66: AM | AI66: AM | AK66: AM
B67: 26 | C67: PM | D67: F | G67: - | H67: D-F | I67: N | J67: Abs | K67: - | M67: AM | N67: Abs | O67: AM | P67: RTT | Q67: AM | S67: AM | T67: terr. Arr. | U67: AM | V67: R | Y67: AM | AA67: AM | AB67: RTT | AC67: AM | AE67: 06h-18h | AF67: 4h +FT | AG67: AM | AI67: AM | AK67: AM
B68: 27 | C68: N | D68: F | G68: - | H68: D-F | I68: - | J68: Abs | K68: AM | L68: 1/2RJF | M68: PM | N68: Abs | O68: PM | Q68: PM | S68: PM | U68: PM | Y68: PM | AA68: PM | AC68: PM | AE68: PM | AF68: 3,75h rhs | AG68: PM | AI68: PM | AJ68: VA | AK68: PM
B69: 28 | C69: N | D69: - | G69: - | I69: - | J69: Abs | K69: AM | L69: R-CM | M69: PM | N69: Abs | O69: PM | P69: poly. Arr. | Q69: PM | S69: PM | T69: 1/2DTT | U69: PM | Y69: PM | AA69: PM | AC69: PM | AE69: PM | AF69: 2h RHS | AG69: PM | AI69: PM | AJ69: 1h RTT | AK69: PM
B70: 1 | C70: N | D70: - | G70: - | I70: - | J70: Abs | K70: AM | L70: distill. | M70: PM | N70: Abs | O70: PM | Q70: PM | S70: PM | T70: AM | U70: PM | Y70: PM | AA70: PM | AC70: PM | AE70: PM | AF70: 2h -FT | AG70: PM | AI70: PM | AJ70: 1h RTT | AK70: PM
B71: 2 | C71: - | D71: SD26 | G71: 7h-15h | H71: 1h RTT | I71: D | J71: Abs | K71: PM | L71: R-CM | M71: N | N71: Abs | O71: N | P71: 4h RTT | Q71: N | S71: N | U71: N | Y71: N | AA71: N | AC71: N | AE71: N | AG71: N | AI71: N | AK71: N
A72: M | B72: 3 | C72: - | D72: SD26 | G72: 7h-15h | H72: 1h RTT | I72: D | J72: Abs | K72: R-CM | L72: 1h +FT | M72: N | N72: Abs | O72: N | Q72: N | S72: N | U72: N | Y72: N | AA72: N | AB72: DTT | AC72: N | AE72: N | AG72: N | AI72: N | AJ72: VA | AK72: N
A73: A | B73: 4 | C73: AM | D73: SD26 | G73: 7h-15h | H73: 2h RTT | I73: D | J73: Abs | K73: N | L73: DTT | M73: - | N73: Abs | O73: - | Q73: - | S73: - | U73: - | Y73: - | AA73: - | AC73: - | AE73: - | AG73: - | AI73: - | AK73: -
A74: R | B74: 5 | C74: AM | D74: SD26 | G74: 7h-15h | H74: SD26 | I74: - | J74: Abs | K74: N | L74: poly. Arr. | M74: - | O74: - | Q74: - | S74: - | U74: - | Y74: - | AA74: - | AC74: - | AE74: - | AG74: - | AI74: - | AJ74: 1/2VA | AK74: -
A75: S | B75: 6 | C75: PM | D75: 2h RTT | G75: 7h-15h | H75: 3h RTT | I75: - | J75: Abs | K75: - | M75: PM | N75: R-CM | O75: AM | P75: 4h RTT | Q75: AM | S75: AM | U75: AM | Y75: AM | AA75: AM | AC75: AM | AE75: N | AF75: meunerie | AG75: AM | AI75: AM | AK75: AM
B76: 7 | C76: PM | G76: - | H76: 2h +FT | I76: - | J76: Abs | K76: - | M76: R-CM | N76: 1h +FT | O76: AM | Q76: AM | S76: AM | U76: AM | Y76: AM | AA76: AM | AB76: 2h -FT | AC76: AM | AE76: AM | AF76: N | AG76: AM | AI76: AM | AK76: AM | AL76: PM
B77: 8 | C77: PM | G77: - | H77: 4h +FT | I77: - | J77: Abs | K77: - | M77: PM | N77: R-CM | O77: AM | P77: R | Q77: AM | S77: AM | T77: 1h RTT | U77: AM | Y77: AM | AA77: AM | AC77: AM | AD77: PM | AE77: N | AF77: 1h -FT | AG77: AM | AI77: AM | AK77: AM
A78: 2 | B78: 9 | C78: N | D78: SD26 | G78: AM | H78: R-CM | I78: D | J78: Abs | K78: 6h-17h | M78: PM | N78: terr arr | O78: PM | Q78: PM | S78: 6h-17h | T78: 3h +FT | U78: PM | Y78: PM | AA78: PM | AC78: PM | AE78: PM | AF78: 2h RTT | AG78: PM | AI78: PM | AK78: PM
A79: 0 | B79: 10 | C79: N | D79: SD26 | G79: AM | H79: R-CM | I79: D | J79: Abs | K79: 7h-15h | L79: 1h RTT | M79: PM | N79: terr arr | O79: PM | Q79: PM | S79: PM | T79: AM | U79: PM | Y79: PM | AA79: PM | AC79: PM | AE79: PM | AF79: 2h RTT | AG79: PM | AI79: PM | AK79: PM
A80: 2 | B80: 11 | C80: - | D80: SD26/ Abs | G80: PM | H80: R-CM | I80: D | J80: Abs | K80: AM | L80: R-CM | M80: N | N80: Abs | O80: N | P80: VA | Q80: N | S80: N | T80: terr. Arr. | U80: N | V80: R | Y80: N | AA80: N | AC80: N | AE80: N | AF80: 1h RTT | AG80: N | AI80: N | AJ80: RJF | AK80: N
A81: 6 | B81: 12 | C81: - | D81: SD26 | G81: PM | H81: R-CM | I81: D | J81: Abs | K81: - | M81: N | N81: Abs | O81: N | P81: VA | Q81: N | S81: N | T81: Abs | U81: N | V81: Abs | Y81: N | AA81: N | AC81: N | AD81: 2h RTT | AE81: N | AG81: N | AI81: N | AJ81: VA | AK81: N
B82: 13 | C82: AM | D82: SD26 | G82: 06h-18h | H82: 2h RTT | I82: D | J82: Abs | K82: - | M82: - | O82: - | Q82: - | S82: - | U82: - | Y82: - | AA82: - | AC82: - | AE82: - | AG82: - | AI82: - | AK82: -
B83: 14 | C83: AM | D83: 4h RTT | G83: AM | H83: R-CM | I83: - | J83: Abs | K83: - | L83: 4h +FT | M83: - | O83: - | Q83: - | S83: - | U83: - | Y83: - | AA83: - | AC83: - | AE83: - | AG83: - | AI83: - | AK83: -
B84: 15 | C84: AM | D84: 1h RTT | G84: N | H84: PM | I84: - | J84: Abs | K84: - | M84: - | O84: - | Q84: - | S84: 14h-18h | T84: 4h +FT | U84: - | Y84: - | Z84: N | AA84: - | AC84: - | AE84: - | AG84: - | AI84: - | AK84: -
A85: SHUT-DOWN 2026 | B85: 16 | C85: PM | D85: SD 26 | G85: - | H85: 06h-18h | I85: AM | J85: Abs | K85: 06h-15h | L85: R-CM/VM | M85: H. flott. | N85: CP | O85: 7h-15h | P85: TP | Q85: 6h-14h | R85: VM | S85: 14h-17h | T85: 3h +FT | U85: 7h-15h | V85: VA | Y85: D | Z85: - | AA85: 6h-14h | AB85: VA | AC85: 6h-14h | AD85: Abs | AE85: - | AG85: 7h-15h | AI85: 18h-02h | AK85: N | AL85: 8h +FT
B86: 17 | C86: PM | D86: SD 26 | G86: - | H86: 06h-17h | I86: AM | J86: Abs | K86: AM | L86: R-CM | M86: H. flott. | N86: CP | O86: 7h-15h | P86: TP | Q86: 6h-14h | S86: - | T86: 6h-14h | U86: 7h-15h | V86: VA | Y86: D | Z86: - | AA86: 6h-14h | AB86: VA | AC86: 6h-14h | AD86: Abs | AE86: - | AG86: 7h-15h | AI86: PM | AJ86: 14h-18h | AK86: N | AL86: 8h +FT
B87: 18 | C87: N | D87: SD 26 | G87: AM | H87: SD26 | I87: PM | J87: Abs | K87: AM | L87: R-CM | M87: H. flott. | N87: CP | O87: 7h-15h | Q87: 6h-14h | R87: PM | S87: 6h-14h | T87: 1h RTT | U87: 7h-15h | V87: 2h RTT | Y87: D | AA87: 6h-14h | AB87: RTT | AC87: 6h-14h | AD87: Abs | AE87: 6h-14h | AF87: 2h RTT | AG87: 7h-15h | AI87: 6h-14h | AJ87: CP | AK87: 6h-14h | AL87: RJF
B88: 19 | C88: N | D88: SD 26 | G88: AM | H88: VA | I88: PM | J88: Abs | K88: AM | L88: R-CM | M88: - | O88: 14-18h | P88: 4h +FT | Q88: - | R88: PM | S88: 6h-14h | U88: - | V88: PM | Y88: - | Z88: D | AA88: - | AC88: - | AE88: 6h-14h | AF88: 2h RTT | AG88: - | AI88: 6h-14h | AJ88: CP | AK88: 6h-14h | AL88: 4h RTT
B89: 20 | C89: - | D89: SD 26 | G89: R-CM | H89: 1/2VA | I89: N | J89: Abs | K89: 06h-18h | L89: R-CM | M89: - | O89: AM | P89: 8h +FT | Q89: - | S89: 6h-14h | T89: 8h +FT | U89: - | V89: 06h-18h | Y89: - | AA89: - | AC89: - | AE89: 6h-14h | AF89: DTT | AG89: - | AI89: 6h-14h | AJ89: VA | AK89: 6h-14h | AL89: chaudières
B90: 21 | C90: - | D90: SD 26 | G90: PM | H90: 6h-18 | I90: N | J90: Abs | K90: - | L90: 6h-18h | M90: - | O90: - | P90: AM | Q90: - | R90: PM | S90: 6h-14h | T90: 8h +FT | U90: - | V90: AM | Y90: - | AA90: - | AC90: - | AE90: - | AG90: - | AI90: AM | AJ90: 06h-18h | AK90: - | AL90: PM
B91: 22 | C91: - | G91: PM | H91: 6h-18 | I91: N | J91: Abs | K91: - | L91: AM | M91: - | O91: - | P91: 06h-18h | Q91: - | S91: 6h-14h | T91: 8h +FT | U91: - | Y91: - | AA91: - | AC91: - | AE91: - | AG91: - | AI91: AM | AJ91: 06h-18h | AK91: - | AL91: D
B92: 23 | C92: H. flott. | D92: SD 26 | G92: 06h-15h | H92: 1h +FT | I92: - | J92: Abs | K92: AM | L92: R-CM | M92: H. flott. | N92: Abs | O92: AM | Q92: AM | S92: AM | U92: AM | Y92: AM | AA92: AM | AC92: AM | AE92: AM | AF92: DTT | AG92: AM | AI92: AM | AK92: AM
B93: 24 | C93: H. flott. | D93: SD 26 | G93: N | H93: 1h +FT | I93: - | J93: Abs | K93: AM | L93: R-CM | M93: H. flott. | N93: Abs | O93: AM | Q93: AM | S93: AM | U93: AM | Y93: AM | AA93: AM | AC93: AM | AE93: AM | AF93: 2h RTT | AG93: AM | AI93: AM | AK93: AM
B94: 25 | C94: H. flott. | D94: 2,5h RHS | G94: 06h-15h | H94: 1h +FT | I94: AM | J94: Abs | K94: PM | L94: R-CM | M94: H. flott. | N94: Abs | O94: 8h-12h | P94: 4h rhs | Q94: PM | S94: PM | T94: VA | U94: PM | Y94: PM | AA94: PM | AC94: PM | AE94: PM | AF94: 2h RTT | AG94: PM | AI94: PM | AK94: PM
B95: 26 | C95: SD 26 | D95: 8h +FT | G95: SD26 | H95: 8h +FT | I95: AM | J95: Abs | K95: PM | L95: R-CM | M95: AM | N95: R-CM | O95: PM | P95: 7h-15h | Q95: PM | S95: PM | T95: AM | U95: PM | Y95: PM | AA95: PM | AC95: PM | AE95: PM | AG95: PM | AI95: PM | AJ95: VA | AK95: PM
B96: 27 | C96: - | D96: SD 26 | G96: AM | H96: VA | I96: PM | J96: Abs | K96: N | L96: R-CM | M96: PM | N96: R-CM | O96: N | P96: AM | Q96: N | S96: N | T96: AM | U96: N | V96: PM | Y96: PM | Z96: RTT | AA96: PM | AB96: 4h RTT | AC96: N | AE96: N | AF96: PM | AG96: N | AI96: AM | AJ96: rhs | AK96: AM | AL96: VA
B97: 28 | C97: - | D97: SD 26 | G97: AM | H97: SD26 | I97: PM | J97: Abs | K97: 18h-6h | L97: R-CM | M97: - | O97: N | P97: AM | Q97: N | S97: N | T97: AM | U97: PM | V97: rhs | Y97: PM | Z97: 8h -FT | AA97: N | AB97: PM | AC97: N | AE97: N | AF97: PM | AG97: N | AI97: AM | AJ97: rhs | AK97: AM | AL97: 8h -FT
B98: 29 | C98: - | D98: 3h +FT | G98: AM | H98: 3h -FT | I98: PM | J98: Abs | K98: 18h-6h | L98: R-CM | M98: - | O98: N | P98: AM | Q98: N | S98: N | T98: AM | U98: PM | V98: 4h -FT | Y98: PM | Z98: 8h -FT | AA98: N | AB98: PM | AC98: N | AE98: N | AF98: PM | AG98: N | AI98: AM | AJ98: rhs | AK98: AM | AL98: 8h -FT
B99: 30 | C99: H. flott. | D99: SD 26 | G99: PM | H99: SD26 | I99: N | J99: Abs | K99: - | M99: PM | N99: R-CM | O99: - | Q99: - | S99: - | U99: - | V99: F | Y99: - | AA99: - | AC99: - | AE99: - | AG99: - | AI99: - | AK99: -
B100: 31 | C100: H. flott. | D100: SD 26 | G100: PM | H100: SD26 | I100: N | J100: Abs | K100: - | M100: PM | N100: R-CM | O100: - | Q100: - | S100: - | U100: - | V100: F | Y100: - | AA100: - | AC100: - | AE100: - | AG100: - | AI100: - | AJ100: Abs | AK100: -
B101: 1 | C101: SD 26 | D101: 3h +FT | G101: N | H101: 4h +FT | I101: - | J101: Abs | K101: AM | L101: rhs | M101: PM | N101: R-CM | O101: AM | Q101: AM | S101: AM | U101: AM | V101: F | Y101: AM | AA101: AM | AC101: AM | AE101: AM | AF101: DTT | AG101: AM | AI101: AM | AJ101: Abs | AK101: AM
A102: A | B102: 2 | C102: SD 26 | D102: 3h +FT | G102: N | H102: 1h +FT | I102: - | J102: Abs | K102: AM | L102: rhs | M102: PM | N102: R-CM | O102: AM | Q102: AM | S102: AM | U102: AM | V102: F | Y102: AM | AA102: AM | AC102: AM | AE102: AM | AF102: 2h RTT | AG102: AM | AI102: AM | AJ102: Abs | AK102: AM
...

Sheet Shift2
A1: SHIFT 2 | O1: Date de dernière mise à jour
O2: =Shift1!O2 -> 46295.595
O4: VA | P4: Vacances annuelles | U4: xxx | V4: Congé accordé sous restriction - Rappelable | AB4: CP | AC4: Congé Parental
O5: RTT | P5: Récup. temps de travail | U5: R | V5: Remplacement | AB5: CSS | AC5: Congé sans solde
O6: RHS | P6: Récup. heures supplémentaires | U6: Abs, | V6: Absence - Maladie | AB6: R-CM | AC6: Remplacement Contremaître
O7: RJF | P7: Récup. Jour férié | U7: DS | V7: Délégation syndicale
C9: Adjoints Contremaître | O9: Polyvalent | Q9: Fermentation | S9: Distillation | U9: Renfort avant | W9: Renfort avant | Y9: Meunerie | AA9: Gluten | AC9: Polyvalent | AE9: Polyvalent | AG9: Chaudières | AM9: Renfort arrière
C10: VGG | G10: JBI | I10: YBT | K10: ATR | M10: FPA | O10: SBZ | Q10: LAA | S10: NPE | U10: DBE | W10: YRS | Y10: BLR | AA10: CWN | AC10: JKS | AE10: ASS | AG10: GJR | AI10: ADS | AK10: QDE | AM10: GKT
B11: 1 | C11: - | G11: - | I11: AM | J11: Abs | K11: PM | L11: 8h -FT | M11: H. flott. | N11: 8h -FT | O11: AM | Q11: AM | S11: AM | U11: AM | V11: N | W11: D | X11: RJF | Y11: AM | Z11: PM | AA11: AM | AB11: RJF | AC11: AM | AE11: AM | AG11: AM | AH11: 8h -FT | AI11: N | AK11: AM | AM11: -
B12: 2 | C12: H. flott | D12: RTT | G12: AM | H12: RHS | I12: PM | J12: Abs | K12: N | L12: R-CM | M12: H. flott. | N12: 4h RTT- | O12: PM | Q12: PM | R12: N | S12: PM | U12: PM | W12: D | X12: 2h RTT- | Y12: PM | AA12: PM | AC12: PM | AD12: AM | AE12: PM | AF12: DTT | AG12: PM | AH12: VA | AI12: - | AK12: PM | AM12: AM | AN12: R
A13: J | B13: 3 | C13: - | G13: AM | I13: PM | J13: Abs | K13: N | L13: R-CM | M13: - | N13: 4h RTT | O13: PM | Q13: PM | R13: N | S13: PM | U13: PM | W13: - | Y13: PM | AA13: PM | AC13: PM | AE13: PM | AG13: PM | AI13: - | AK13: PM | AL13: RJF | AM13: AM | AN13: VA
A14: A | B14: 4 | C14: - | G14: AM | H14: poly. Arr. | I14: PM | J14: Abs | K14: N | L14: R-CM | M14: - | O14: PM | Q14: PM | R14: N | S14: PM | U14: PM | W14: - | Y14: PM | AA14: PM | AC14: PM | AE14: PM | AG14: PM | AI14: - | AK14: PM | AL14: RJF | AM14: AM | AN14: R
A15: N | B15: 5 | C15: H. flott. | G15: PM | H15: RTT - | I15: N | J15: Abs | K15: - | M15: AM | N15: R-CM | O15: N | Q15: N | S15: N | U15: N | W15: D | Y15: N | Z15: VA | AA15: N | AB15: PM | AC15: N | AD15: RTT- | AE15: N | AF15: PM | AG15: N | AI15: D | AJ15: CP | AK15: N | AL15: RJF | AM15: PM | AN15: R
A16: V | B16: 6 | C16: H. flott. | D16: 1h RHS | G16: PM | H16: poly. Arr. | I16: N | J16: Abs | K16: - | M16: AM | N16: R-CM | O16: N | P16: CT | Q16: N | R16: VA | S16: N | U16: N | W16: D | Y16: N | AA16: N | AB16: PM | AC16: N | AD16: RTT- | AE16: PM | AF16: 4h RHS | AG16: N | AI16: D | AJ16: CP | AK16: N | AL16: RJF | AM16: PM | AN16: R
A17: I | B17: 7 | C17: H. flott. | D17: R-CM | G17: N | H17: R-CM | I17: - | J17: Abs | K17: R-CM | L17: 2h RTT- | M17: PM | N17: R-CM | O17: - | Q17: - | S17: - | U17: - | W17: D | X17: 3h RTT- | Y17: - | AA17: - | AC17: - | AE17: - | AF17: PM | AG17: - | AI17: D | AJ17: CP | AK17: - | AM17: N | AN17: R
A18: E | B18: 8 | C18: H. flott. | D18: R-CM | G18: N | H18: R-CM | I18: - | J18: Abs | K18: AM | L18: VA | M18: PM | N18: R-CM | O18: - | Q18: - | S18: - | U18: - | W18: D | Y18: - | AA18: - | AC18: - | AE18: - | AG18: - | AI18: - | AK18: - | AM18: N | AN18: R
A19: R | B19: 9 | C19: H. flott. | D19: RJF | G19: - | I19: AM | J19: Abs | K19: PM | L19: R-CM | M19: N | N19: R-CM | O19: AM | P19: 3 RTT- | Q19: AM | S19: AM | U19: AM | W19: D | Y19: AM | Z19: PM | AA19: AM | AC19: AM | AD19: RTT- | AE19: AM | AF19: DTT | AG19: AM | AI19: - | AK19: AM | AL19: RJF | AM19: -
B20: 10 | C20: - | G20: - | H20: 4h +FT | I20: AM | J20: Abs | K20: PM | L20: R-CM | M20: N | N20: R-CM | O20: AM | P20: 2h RTT- | Q20: AM | S20: AM | U20: AM | W20: - | Y20: AM | Z20: PM | AA20: AM | AC20: AM | AE20: AM | AG20: AM | AI20: - | AK20: AM | AL20: RJF | AM20: -
B21: 11 | C21: - | G21: - | I21: AM | J21: Abs | K21: PM | L21: R-CM | M21: N | N21: R-CM | O21: AM | Q21: AM | S21: AM | T21: PM | U21: AM | W21: - | Y21: AM | Z21: PM | AA21: AM | AC21: AM | AE21: AM | AF21: 8h -FT | AG21: AM | AI21: - | AK21: AM | AM21: -
B22: 12 | C22: AM | D22: poly-arr | G22: AM | H22: R-CM | I22: PM | J22: Abs | K22: N | M22: - | O22: PM | P22: Abs | Q22: N | R22: RTT | S22: PM | U22: PM | W22: D | X22: 1h -FT | Y22: PM | AA22: PM | AB22: F | AC22: PM | AE22: PM | AG22: PM | AI22: AM | AJ22: Abs | AK22: PM | AM22: D | AN22: VA
B23: 13 | C23: AM | D23: Abs | G23: 7h-15h | H23: 1h rhs | I23: PM | J23: Abs | K23: N | L23: R-CM | M23: - | N23: 2h +FT | O23: PM | P23: Abs | Q23: PM | R23: N | S23: PM | U23: PM | W23: D | Y23: PM | AA23: PM | AC23: PM | AE23: PM | AG23: PM | AI23: AM | AJ23: Abs | AK23: PM | AM23: D | AN23: VA
A24: 2 | B24: 14 | C24: PM | D24: Abs | G24: 14h-01h | H24: R-CM | I24: PM | J24: Abs | K24: - | M24: AM | N24: R-CM | O24: N | P24: Abs | Q24: N | S24: N | U24: N | W24: D | Y24: N | AA24: N | AB24: PM | AC24: PM | AD24: F | AE24: N | AG24: N | AI24: PM | AJ24: Abs | AK24: PM | AL24: F | AM24: D | AN24: VA
A25: 0 | B25: 15 | C25: PM | D25: Abs | G25: PM | H25: R-CM | I25: N | J25: Abs | K25: - | M25: AM | N25: R-CM | O25: N | P25: Abs | Q25: N | S25: N | U25: N | W25: D | Y25: N | AA25: N | AB25: PM | AC25: N | AD25: PM | AE25: N | AG25: N | AI25: PM | AJ25: Abs | AK25: N | AM25: -
A26: 2 | B26: 16 | C26: N | D26: Abs | G26: - | H26: 3h +FT | I26: - | J26: Abs | K26: AM | L26: R-CM | M26: PM | N26: R-CM | O26: - | P26: Abs | Q26: - | S26: - | U26: - | W26: D | X26: RHS | Y26: - | AA26: - | AC26: - | AE26: - | AG26: - | AI26: N | AJ26: Abs | AK26: - | AM26: -
A27: 6 | B27: 17 | C27: N | D27: Abs | G27: - | H27: 18h-22h | I27: - | J27: Abs | K27: AM | L27: R-CM | M27: PM | N27: 8h -FT | O27: - | Q27: - | S27: - | U27: - | W27: - | Y27: - | AA27: - | AC27: - | AE27: - | AG27: - | AI27: N | AJ27: Abs | AK27: - | AM27: -
B28: 18 | C28: N | D28: Abs | G28: - | I28: - | J28: Abs | K28: AM | L28: R-CM | M28: PM | N28: Abs | O28: - | Q28: - | S28: - | U28: - | W28: - | Y28: - | AA28: - | AC28: - | AE28: - | AG28: - | AI28: N | AJ28: Abs | AK28: - | AM28: -
B29: 19 | C29: - | G29: AM | H29: R-CM | I29: D | J29: Abs | K29: PM | M29: N | N29: Abs | O29: - | Q29: - | S29: 6h-14h | U29: 6h-14h | W29: D | Y29: - | AA29: - | AC29: 6h-14h | AE29: 6h-14h | AF29: RJF | AG29: - | AI29: - | AK29: - | AM29: AM | AN29: 4h RTT
B30: 20 | C30: - | G30: AM | H30: R-CM | I30: D | J30: Abs | K30: PM | L30: meunerie | M30: N | N30: Abs | O30: - | Q30: - | S30: 6h-14h | U30: 6h-14h | W30: D | Y30: - | AA30: D | AB30: STEP | AC30: 6h-14h | AD30: DS | AE30: 6h-14h | AF30: RHS | AG30: - | AI30: - | AK30: - | AM30: AM | AN30: terr. Arr.
B31: 21 | C31: AM | D31: R-CM | G31: 7h-15h | H31: F | I31: D | J31: Abs | K31: N | L31: DS-CE | M31: N | N31: Abs | O31: D | P31: CT | Q31: D | R31: F | S31: 6h-14h | U31: 6h-14h | W31: D | Y31: - | Z31: 7h-15h | AA31: D | AB31: CP | AC31: 6h-14h | AD31: DS | AE31: 6h-14h | AF31: RHS | AG31: 6h-14h | AH31: VA | AI31: AM | AK31: 7h-15h | AL31: 6h-14h | AM31: PM | AN31: terr. Arr.
B32: 22 | C32: PM | D32: R-CM | G32: 7h-15h | H32: 3h rhs | I32: - | J32: Abs | K32: AM | L32: R-CM | M32: - | N32: Abs | O32: D | P32: CT | Q32: D | R32: VA | S32: - | U32: - | W32: D | Y32: D | Z32: 7h-15h | AA32: D | AB32: CP | AC32: - | AE32: - | AG32: 6h-14h | AH32: RTT | AI32: AM | AK32: 7h-15h | AM32: PM | AN32: R
B33: 23 | C33: PM | D33: VA | G33: 7h-15h | H33: F | I33: - | J33: Abs | K33: - | M33: AM | N33: Abs | O33: D | P33: CT | Q33: D | R33: VA | S33: - | U33: - | W33: D | Y33: D | Z33: - | AA33: D | AB33: - | AC33: AM | AD33: Ferm. Liq. | AE33: - | AG33: 6h-14h | AH33: RTT | AI33: PM | AK33: 7h-15h | AM33: N | AN33: R
B34: 24 | C34: PM | D34: VA | G34: - | I34: - | J34: Abs | K34: - | L34: 2h RTT | M34: AM | N34: Abs | O34: - | Q34: - | S34: PM | T34: 8h +FT | U34: - | W34: - | Y34: - | AA34: - | AC34: - | AE34: - | AG34: - | AI34: PM | AK34: - | AM34: N | AN34: poly-arr
B35: 25 | C35: PM | D35: VA | G35: - | I35: - | J35: Abs | K35: - | M35: PM | N35: Abs | O35: - | Q35: - | S35: - | U35: - | W35: - | Y35: - | AA35: - | AC35: - | AE35: - | AG35: - | AI35: PM | AK35: - | AM35: N
B36: 26 | C36: N | D36: R-CM | G36: AM | H36: poly. Arr. | I36: D | J36: Abs | K36: 7h-15h | L36: F | M36: PM | N36: Abs | O36: AM | P36: F | Q36: AM | R36: F | S36: AM | U36: AM | W36: AM | Y36: D | AA36: AM | AB36: F | AC36: AM | AD36: PM | AE36: AM | AF36: DTT | AG36: AM | AH36: Abs | AI36: N | AK36: AM | AL36: 2h -FT | AM36: -
B37: 27 | C37: N | D37: 4h RTT | G37: AM | H37: RHS | I37: D | J37: Abs | K37: 7h-15h | L37: F | M37: PM | N37: Abs | O37: AM | P37: F | Q37: AM | R37: F | S37: AM | U37: AM | W37: AM | Y37: D | AA37: AM | AB37: F | AC37: AM | AD37: PM | AE37: AM | AF37: DTT | AG37: AM | AI37: N | AK37: AM | AM37: -
B38: 28 | C38: - | G38: PM | H38: RHS | I38: D | J38: Abs | K38: 7h-15h | L38: R | M38: N | N38: Abs | O38: PM | Q38: PM | R38: F | S38: PM | U38: PM | W38: PM | Y38: D | AA38: PM | AB38: F | AC38: 10h-22h | AD38: 4h +FT | AE38: PM | AF38: 2h rhs | AG38: AM | AH38: Abs | AI38: - | AK38: PM | AM38: AM | AN38: distillation
B39: 29 | C39: - | G39: PM | H39: VA | I39: D | J39: Abs | K39: - | M39: N | N39: Abs | O39: PM | P39: R | Q39: PM | S39: PM | U39: PM | W39: PM | X39: N | Y39: D | AA39: 10h-22h | AB39: 4h +FT | AC39: PM | AD39: meunerie | AE39: PM | AF39: 3h rhs | AG39: AM | AH39: Abs | AI39: - | AK39: PM | AM39: AM | AN39: distillation
B40: 30 | C40: AM | D40: Abs | G40: 18h-06h | H40: R-CM | I40: D | J40: Abs | K40: - | M40: - | N40: Abs | O40: N | Q40: N | R40: VA | S40: N | U40: N | V40: AM | W40: N | Y40: D | AA40: N | AB40: AM | AC40: N | AD40: PM | AE40: N | AF40: PM | AG40: N | AH40: Abs | AJ40: AM | AK40: N | AM40: PM | AN40: VA
B41: 31 | C41: R-CM | D41: 06h-16h | G41: N | H41: 19h-22h | I41: - | J41: Abs | K41: - | M41: - | N41: Abs | O41: N | Q41: N | S41: N | U41: N | V41: AM | W41: N | Y41: - | AA41: N | AB41: AM | AC41: PM | AD41: 3h -FT | AE41: N | AF41: PM | AG41: N | AH41: Abs | AJ41: AM | AK41: N | AM41: PM
B42: 1 | C42: AM | D42: R-CM | G42: N | H42: poly-arr | I42: - | J42: Abs | K42: - | M42: - | N42: Abs | O42: N | P42: CT | Q42: N | S42: N | U42: N | V42: AM | W42: N | Y42: - | AA42: AM | AB42: 1/2VA | AC42: N | AD42: PM | AE42: N | AF42: PM | AG42: N | AH42: Abs | AJ42: AM | AK42: N | AM42: PM | AN42: 4h RTT
B43: 2 | C43: PM | D43: poly. Arr. | G43: - | H43: 4h +FT | I43: AM | J43: Abs | K43: 7h-15h | L43: R | M43: H. flott. | N43: CP | O43: - | Q43: - | S43: - | U43: - | W43: - | Y43: D | AA43: - | AC43: - | AE43: - | AG43: - | AH43: Abs | AJ43: PM | AK43: - | AM43: N | AN43: poly-arr
A44: F | B44: 3 | C44: PM | D44: poly. Arr. | G44: - | I44: AM | J44: Abs | K44: 7h-15h | L44: F | M44: H. flott. | N44: CP | O44: - | Q44: - | R44: F | S44: - | U44: - | W44: - | Y44: D | AA44: - | AC44: PM | AD44: 2h +FT | AE44: - | AG44: - | AH44: Abs | AJ44: PM | AK44: - | AM44: N | AN44: poly-arr
A45: E | B45: 4 | C45: PM | D45: poly. Arr. | G45: AM | H45: R | I45: PM | J45: Abs | K45: 7h-15h | L45: R | M45: H. flott. | N45: CP | O45: AM | Q45: AM | R45: F | S45: AM | U45: AM | W45: AM | Y45: D | AA45: AM | AB45: 1h +FT | AC45: PM | AD45: meunerie | AE45: AM | AF45: DTT | AG45: AM | AH45: Abs | AJ45: VA | AK45: AM | AM45: -
A46: V | B46: 5 | C46: PM - poly. Arr. | D46: 2h +FT | G46: AM | H46: RHS | I46: PM | J46: Abs | K46: 7h-15h | L46: 4h RTT | M46: - | O46: AM | Q46: AM | R46: - | S46: AM | U46: AM | W46: AM | Y46: D | AA46: AM | AC46: PM | AD46: meunerie | AE46: AM | AF46: DTT | AG46: AM | AH46: Abs | AJ46: VA | AK46: AM | AM46: -
A47: R | B47: 6 | C47: - | G47: PM | H47: RHS | I47: N | J47: Abs | K47: 7h-15h | M47: - | O47: PM | Q47: PM | R47: N | S47: 12h-24h | T47: 2h +FT | U47: PM | W47: PM | X47: 1h rhs | Y47: D | AA47: PM | AB47: VA | AC47: PM | AE47: PM | AF47: DTT | AG47: PM | AI47: - | AK47: PM | AM47: AM | AN47: poly-arr
A48: I | B48: 7 | C48: - | G48: PM | H48: 1h -FT | I48: N | J48: Abs | K48: - | M48: - | O48: PM | P48: RHS | Q48: PM | R48: N | S48: PM | U48: PM | V48: 1h +FT | W48: PM | Y48: - | AA48: PM | AB48: 1h +FT | AC48: PM | AD48: 8h -FT | AE48: PM | AG48: PM | AI48: - | AK48: PM | AM48: AM | AN48: 1h +FT
A49: E | B49: 8 | C49: - | G49: PM | H49: distil. | I49: N | J49: Abs | K49: - | M49: - | O49: PM | Q49: PM | R49: N | S49: PM | T49: N | U49: PM | W49: PM | Y49: - | AA49: PM | AC49: PM | AE49: PM | AG49: PM | AI49: - | AK49: PM | AM49: AM | AN49: 4h rhs
A50: R | B50: 9 | C50: 8h-12h | D50: 1h RTT | G50: N | H50: RHS | I50: - | J50: Abs | K50: AM | L50: meunerie | M50: H. flott. | N50: RJF | O50: N | Q50: N | S50: N | U50: N | W50: N | X50: 1h +FT | Y50: D | AA50: N | AB50: PM | AC50: PM | AD50: DF | AE50: N | AG50: N | AI50: - | AK50: N | AM50: PM
B51: 10 | C51: H. flott. | D51: Abs | G51: N | H51: poly-arr | I51: - | J51: Abs | K51: AM | L51: R-CM | M51: H. flott. | N51: Abs | O51: N | P51: CT | Q51: N | S51: N | U51: N | V51: Abs | W51: N | Y51: D | AA51: PM | AB51: Abs | AC51: PM | AD51: Abs | AE51: N | AF51: DTT | AG51: N | AI51: - | AK51: N | AM51: PM | AN51: liq - ferm
B52: 11 | C52: 7h-12h | D52: 3h RTT | G52: - | I52: AM | J52: Abs | K52: PM | L52: R-CM | M52: H. flott. | N52: RJF | O52: - | Q52: - | S52: - | U52: - | W52: - | Y52: D | AA52: - | AC52: - | AE52: - | AG52: - | AI52: D | AJ52: R | AK52: - | AM52: N | AN52: terr. Arr.
B53: 12 | C53: H. flott. | D53: Chaudières | G53: - | H53: 3h +FT | I53: AM | J53: Abs | K53: PM | L53: DS | M53: H. flott. | N53: RJF | O53: - | Q53: - | S53: - | U53: - | W53: - | Y53: D | AA53: - | AC53: - | AE53: - | AG53: - | AI53: D | AJ53: R | AK53: - | AM53: N | AN53: terr. Arr.
B54: 13 | C54: - | D54: H. flott. | G54: AM | H54: RHS | I54: PM | J54: Abs | K54: N | L54: R-CM | M54: H. flott. | N54: RJF | O54: AM | Q54: AM | S54: AM | T54: 2,25 rhs | U54: AM | V54: 1h RTT | W54: AM | X54: PM | Y54: D | Z54: 2h rhs | AA54: AM | AC54: AM | AE54: AM | AF54: DTT | AG54: AM | AI54: D | AK54: AM | AM54: -
A55: 2 | B55: 14 | C55: - | G55: AM | I55: PM | J55: Abs | K55: N | L55: R-CM | M55: - | O55: AM | Q55: AM | S55: AM | U55: AM | V55: 1h rhs | W55: AM | X55: PM | Y55: - | AA55: AM | AC55: AM | AE55: AM | AG55: AM | AI55: - | AK55: AM | AM55: -
A56: 0 | B56: 15 | C56: - | G56: R-CM | H56: 3h -FT | I56: PM | J56: Abs | K56: N | L56: R-CM | M56: - | O56: AM | P56: 06h-18h | Q56: AM | R56: 3h -FT | S56: AM | U56: AM | W56: AM | X56: PM | Y56: - | AA56: AM | AB56: PM | AC56: AM | AE56: AM | AG56: AM | AI56: - | AK56: AM | AM56: -
A57: 2 | B57: 16 | C57: H. flott. | D57: - | G57: R-CM | H57: 18h-06h | I57: N | J57: Abs | K57: - | L57: 4h +FT | M57: AM | N57: meunerie | O57: PM | Q57: PM | R57: RJF | S57: PM | T57: 14h-02h | U57: PM | W57: PM | Y57: D | AA57: PM | AC57: PM | AD57: Ferm. Liq. | AE57: PM | AG57: PM | AI57: PM | AJ57: 06h-18h | AK57: PM | AM57: -
A58: 6 | B58: 17 | C58: H. flott. | D58: - | G58: R-CM | H58: 18h-06h | I58: N | J58: Abs | K58: - | M58: AM | N58: meunerie | O58: PM | Q58: PM | R58: VA | S58: PM | T58: 14h-02h | U58: PM | W58: PM | Y58: D | Z58: R | AA58: 14h-02h | AB58: 4h +FT | AC58: PM | AD58: Ferm. Liq. | AE58: PM | AG58: PM | AH58: VA | AI58: PM | AK58: PM | AM58: -
B59: 18 | C59: H. flott. | D59: VA | G59: N | H59: R-CM | I59: - | J59: Abs | K59: AM | L59: DS-CE | M59: PM | N59: R-CM | O59: N | Q59: N | S59: N | U59: N | W59: N | X59: Abs | Y59: D | AA59: N | AB59: PM | AC59: DS | AD59: N | AE59: N | AG59: N | AI59: 18h-02h | AJ59: 4h +FT | AK59: N | AM59: D | AN59: VA
B60: 19 | C60: H. flott. | D60: VA | G60: N | H60: RHS | I60: - | J60: Abs | K60: AM | L60: R | M60: PM | N60: Abs | O60: N | Q60: N | S60: N | U60: N | V60: VA | W60: N | X60: Abs | Y60: D | AA60: N | AB60: PM | AC60: N | AD60: 1h +FT | AE60: N | AG60: N | AI60: N | AJ60: 8h -FT | AK60: N | AM60: D | AN60: VA
B61: 20 | C61: H. flott. | D61: VA | G61: - | I61: AM | J61: Abs | K61: PM | L61: R-CM | M61: N | N61: Abs | O61: - | Q61: - | S61: - | U61: - | W61: - | X61: Abs | Y61: D | Z61: 2h rhs | AA61: - | AC61: - | AE61: - | AG61: - | AI61: - | AK61: - | AM61: D | AN61: VA
B62: 21 | C62: - | D62: SD26 | G62: - | I62: AM | J62: Abs | K62: PM | L62: R-CM | M62: N | N62: Abs | O62: - | Q62: - | S62: - | U62: - | W62: - | X62: Abs | Y62: - | AA62: - | AC62: - | AD62: 4h +FT | AE62: - | AG62: - | AI62: - | AK62: - | AM62: -
B63: 22 | C63: - | D63: - | G63: - | I63: AM | J63: Abs | K63: R-CM | L63: N | M63: N | N63: Abs | O63: - | Q63: - | S63: - | U63: - | W63: - | X63: Abs | Y63: - | AA63: - | AC63: - | AE63: - | AG63: - | AI63: - | AK63: - | AM63: -
B64: 23 | C64: AM | D64: SD26 | G64: 7h-15h | H64: - | I64: PM | J64: Abs | K64: N | L64: 1h rhs | M64: - | N64: Abs | O64: D | P64: CT | Q64: D | R64: VA | S64: - | U64: 6h-14h | W64: - | X64: Abs | Y64: D | AA64: D | AB64: CP | AC64: 6h-14h | AE64: - | AG64: 6h-14h | AH64: VA | AI64: - | AK64: 7h-15h | AL64: 2h -FT | AM64: AM
B65: 24 | C65: AM | D65: SD26 | G65: 7h-15h | H65: - | I65: PM | J65: Abs | K65: N | L65: RTT | M65: - | N65: Abs | O65: D | P65: CT | Q65: D | R65: VA | S65: - | U65: 6h-14h | W65: D | X65: 1/2RJF | Y65: D | AA65: D | AB65: CP | AC65: 6h-14h | AE65: - | AG65: 6h-14h | AH65: VA | AI65: - | AK65: 7h-15h | AL65: Abs | AM65: AM
B66: 25 | C66: PM | D66: SD26 -F | G66: 7h-15h | H66: SD26 | I66: N | J66: Abs | K66: - | M66: AM | N66: Abs | O66: D | P66: CT | Q66: D | R66: VA | S66: 6h-14h | T66: VA | U66: 6h-14h | W66: D | X66: 1/2RJF | Y66: D | Z66: 1h RTT | AA66: D | AB66: CP | AC66: 6h-14h | AD66: D-CPPT | AE66: 6h-14h | AF66: RJF | AG66: 6h-14h | AH66: VA | AI66: D | AJ66: CP | AK66: 7h-15h | AL66: Abs | AM66: PM | AN66: N
B67: 26 | C67: PM | D67: F | G67: - | H67: D-F | I67: N | J67: Abs | K67: - | M67: AM | N67: Abs | O67: - | Q67: - | S67: 6h-14h | T67: VA | U67: - | W67: - | Y67: D | Z67: 1h RTT | AA67: - | AC67: - | AE67: 6h-14h | AF67: RHS | AG67: - | AI67: D | AJ67: CP | AK67: - | AL67: Abs | AM67: PM | AN67: N
B68: 27 | C68: N | D68: F | G68: - | H68: D-F | I68: - | J68: Abs | K68: AM | L68: 1/2RJF | M68: PM | N68: Abs | O68: - | Q68: - | S68: 6h-14h | T68: VA | U68: - | W68: - | Y68: D | Z68: 2h RTT | AA68: - | AC68: - | AE68: 6h-14h | AF68: RHS | AG68: - | AI68: D | AJ68: 2h RTT | AK68: - | AL68: Abs | AM68: N | AN68: 4h RTT
B69: 28 | C69: N | D69: - | G69: - | I69: - | J69: Abs | K69: AM | L69: R-CM | M69: PM | N69: Abs | O69: - | Q69: - | S69: - | U69: - | W69: - | Y69: - | AA69: - | AC69: - | AE69: - | AG69: - | AI69: - | AK69: - | AL69: Abs | AM69: N
B70: 1 | C70: N | D70: - | G70: - | I70: - | J70: Abs | K70: AM | L70: distill. | M70: PM | N70: Abs | O70: - | Q70: - | S70: - | U70: - | W70: - | Y70: - | AA70: - | AC70: - | AE70: - | AG70: - | AI70: - | AK70: - | AL70: Abs | AM70: N
B71: 2 | C71: - | D71: SD26 | G71: 7h-15h | H71: 1h RTT | I71: D | J71: Abs | K71: PM | L71: R-CM | M71: N | N71: Abs | O71: AM | Q71: AM | R71: 4h RTT | S71: AM | U71: AM | W71: D | Y71: AM | AA71: AM | AC71: AM | AD71: VA | AE71: AM | AF71: DTT | AG71: AM | AI71: AM | AK71: AM | AL71: Abs | AM71: -
A72: M | B72: 3 | C72: - | D72: SD26 | G72: 7h-15h | H72: 1h RTT | I72: D | J72: Abs | K72: R-CM | L72: 1h +FT | M72: N | N72: Abs | O72: AM | Q72: AM | S72: AM | U72: AM | W72: D | Y72: AM | AA72: AM | AC72: AM | AE72: AM | AF72: DTT | AG72: AM | AI72: AM | AJ72: 4h RTT | AK72: AM | AL72: Abs | AM72: -
A73: A | B73: 4 | C73: AM | D73: SD26 | G73: 7h-15h | H73: 2h RTT | I73: D | J73: Abs | K73: N | L73: DTT | M73: - | N73: Abs | O73: PM | Q73: PM | S73: PM | U73: PM | W73: D | Y73: PM | AA73: PM | AC73: PM | AE73: PM | AF73: DTT | AG73: PM | AI73: PM | AK73: PM | AL73: Abs | AM73: AM | AN73: terr. Arr.
A74: R | B74: 5 | C74: AM | D74: SD26 | G74: 7h-15h | H74: SD26 | I74: - | J74: Abs | K74: N | L74: poly. Arr. | M74: - | O74: PM | Q74: PM | S74: PM | U74: PM | W74: D | X74: 1h RTT | Y74: PM | AA74: PM | AC74: PM | AE74: PM | AF74: DTT | AG74: PM | AI74: PM | AK74: PM | AL74: Abs | AM74: AM | AN74: terr. Arr.
A75: S | B75: 6 | C75: PM | D75: 2h RTT | G75: 7h-15h | H75: 3h RTT | I75: - | J75: Abs | K75: - | M75: PM | N75: R-CM | O75: N | Q75: N | S75: N | U75: N | V75: 1/2VA | W75: D | X75: 3h RTT | Y75: N | Z75: VA | AA75: N | AB75: AM | AC75: N | AD75: PM | AE75: N | AF75: PM | AG75: N | AI75: N | AK75: N | AL75: Abs | AM75: PM
B76: 7 | C76: PM | G76: - | H76: 2h +FT | I76: - | J76: Abs | K76: - | M76: R-CM | N76: 1h +FT | O76: N | Q76: N | S76: N | U76: N | V76: PM | W76: - | Y76: N | AA76: N | AB76: AM | AC76: PM | AD76: VA | AE76: N | AF76: PM | AG76: N | AI76: N | AK76: N | AL76: Abs | AM76: PM
B77: 8 | C77: PM | G77: - | H77: 4h +FT | I77: - | J77: Abs | K77: - | M77: PM | N77: R-CM | O77: N | P77: CT | Q77: N | S77: N | U77: N | V77: 8h -FT | W77: - | Y77: N | Z77: PM | AA77: AM | AB77: 8h -FT | AC77: PM | AD77: 8h -FT | AE77: N | AF77: PM | AG77: N | AI77: N | AK77: N | AL77: Abs | AM77: PM
A78: 2 | B78: 9 | C78: N | D78: SD26 | G78: AM | H78: R-CM | I78: D | J78: Abs | K78: 6h-17h | M78: PM | N78: terr arr | O78: - | Q78: - | S78: - | U78: - | W78: D | Y78: - | AA78: - | AC78: - | AE78: - | AG78: - | AI78: - | AK78: - | AL78: Abs | AM78: N
A79: 0 | B79: 10 | C79: N | D79: SD26 | G79: AM | H79: R-CM | I79: D | J79: Abs | K79: 7h-15h | L79: 1h RTT | M79: PM | N79: terr arr | O79: - | Q79: - | R79: F | S79: - | U79: - | V79: 2h RTT | W79: D | Y79: - | AA79: - | AC79: - | AE79: - | AG79: - | AI79: - | AK79: - | AL79: Abs | AM79: N
A80: 2 | B80: 11 | C80: - | D80: SD26/ Abs | G80: PM | H80: R-CM | I80: D | J80: Abs | K80: AM | L80: R-CM | M80: N | N80: Abs | O80: AM | Q80: AM | R80: - | S80: AM | T80: PM | U80: AM | W80: D | X80: RJF | Y80: AM | AA80: AM | AC80: AM | AD80: meunerie | AE80: AM | AF80: DTT | AG80: AM | AI80: AM | AK80: AM | AL80: Abs | AM80: -
A81: 6 | B81: 12 | C81: - | D81: SD26 | G81: PM | H81: R-CM | I81: D | J81: Abs | K81: - | M81: N | N81: Abs | O81: AM | Q81: AM | S81: AM | T81: PM | U81: AM | W81: 8h-16h30 | X81: 1h RTT | Y81: AM | AA81: AM | AC81: AM | AE81: AM | AF81: DTT | AG81: AM | AI81: AM | AK81: AM | AL81: Abs | AM81: N | AN81: terr. Arr.
B82: 13 | C82: AM | D82: SD26 | G82: 06h-18h | H82: 2h RTT | I82: D | J82: Abs | K82: - | M82: - | O82: PM | Q82: PM | R82: N | S82: PM | U82: PM | W82: D | Y82: PM | Z82: VA | AA82: PM | AC82: PM | AD82: meunerie | AE82: PM | AF82: DTT | AG82: PM | AI82: PM | AK82: PM | AL82: Abs | AM82: AM | AN82: -
B83: 14 | C83: AM | D83: 4h RTT | G83: AM | H83: R-CM | I83: - | J83: Abs | K83: - | L83: 4h +FT | M83: - | O83: PM | Q83: PM | R83: N | S83: PM | U83: PM | W83: N | X83: 8h +FT | Y83: PM | AA83: PM | AC83: PM | AE83: PM | AG83: PM | AI83: PM | AK83: PM | AL83: Abs | AM83: AM | AN83: RJF
B84: 15 | C84: AM | D84: 1h RTT | G84: N | H84: PM | I84: - | J84: Abs | K84: - | M84: - | O84: PM | Q84: 18h-6h | R84: 4h +FT | S84: PM | U84: PM | V84: 2h +FT | W84: - | Y84: PM | AA84: PM | AC84: AM | AD84: 2h -FT | AE84: PM | AG84: PM | AI84: PM | AK84: PM | AL84: Abs | AM84: 6h-18h | AN84: 4h +FT
A85: SHUT-DOWN 2026 | B85: 16 | C85: PM | D85: SD 26 | G85: - | H85: 06h-18h | I85: AM | J85: Abs | K85: 06h-15h | L85: R-CM/VM | M85: H. flott. | N85: CP | O85: N | Q85: PM | R85: 2h RTT | S85: N | U85: N | W85: AM | X85: VM | Y85: N | Z85: D | AA85: N | AB85: PM | AC85: N | AD85: 18h-06h | AE85: N | AG85: N | AI85: N | AK85: N | AL85: Abs | AM85: PM | AN85: 3h +FT
B86: 17 | C86: PM | D86: SD 26 | G86: - | H86: 06h-17h | I86: AM | J86: Abs | K86: AM | L86: R-CM | M86: H. flott. | N86: CP | O86: N | Q86: N | R86: PM | S86: N | U86: N | V86: 18h-06h | W86: D | Y86: N | Z86: D | AA86: N | AB86: PM | AC86: N | AD86: - | AE86: N | AG86: N | AH86: VA | AI86: N | AK86: N | AL86: Abs | AM86: PM
B87: 18 | C87: N | D87: SD 26 | G87: AM | H87: SD26 | I87: PM | J87: Abs | K87: AM | L87: R-CM | M87: H. flott. | N87: CP | O87: - | Q87: - | S87: - | U87: - | W87: D | Y87: - | Z87: D | AA87: - | AC87: - | AD87: DS | AE87: - | AG87: - | AI87: - | AK87: - | AL87: Abs | AM87: N
B88: 19 | C88: N | D88: SD 26 | G88: AM | H88: VA | I88: PM | J88: Abs | K88: AM | L88: R-CM | M88: - | O88: - | Q88: - | R88: 3h RTT | S88: - | U88: - | W88: D | Y88: - | Z88: D | AA88: - | AC88: - | AE88: - | AG88: - | AH88: Abs | AI88: - | AK88: - | AL88: Abs | AM88: 18h-6h | AN88: 4h +FT
B89: 20 | C89: - | D89: SD 26 | G89: R-CM | H89: 1/2VA | I89: N | J89: Abs | K89: 06h-18h | L89: R-CM | M89: - | O89: AM | Q89: 6h-18h | R89: 4h +FT | S89: AM | T89: 6h-18h | U89: AM | W89: D | Y89: PM | Z89: - | AA89: AM | AC89: AM | AD89: 6h-18h | AE89: AM | AF89: 4h RTT | AG89: AM | AH89: Abs | AI89: AM | AK89: AM | AL89: Abs | AM89: 18h-6h | AN89: 8h +FT
B90: 21 | C90: - | D90: SD 26 | G90: PM | H90: 6h-18 | I90: N | J90: Abs | K90: - | L90: 6h-18h | M90: - | O90: AM | Q90: AM | S90: AM | T90: 6h-17h | U90: AM | W90: - | Y90: PM | Z90: - | AA90: AM | AC90: AM | AE90: AM | AG90: AM | AI90: AM | AK90: AM | AL90: Abs | AM90: - | AN90: 4h +FT
B91: 22 | C91: - | G91: PM | H91: 6h-18 | I91: N | J91: Abs | K91: - | L91: AM | M91: - | O91: AM | Q91: AM | S91: AM | U91: AM | W91: - | Y91: PM | Z91: - | AA91: AM | AB91: 3h -FT | AC91: AM | AD91: 2h -FT | AE91: AM | AG91: AM | AI91: AM | AJ91: 12h-22h | AK91: AM | AL91: Abs | AM91: -
B92: 23 | C92: H. flott. | D92: SD 26 | G92: 06h-15h | H92: 1h +FT | I92: - | J92: Abs | K92: AM | L92: R-CM | M92: H. flott. | N92: Abs | O92: PM | Q92: N | R92: 2h RTT | S92: PM | U92: PM | W92: D | Y92: PM | Z92: D | AA92: PM | AC92: PM | AD92: AM | AE92: PM | AF92: 1/2DTT | AG92: PM | AI92: PM | AK92: PM | AL92: Abs | AM92: D | AN92: VA
B93: 24 | C93: H. flott. | D93: SD 26 | G93: N | H93: 1h +FT | I93: - | J93: Abs | K93: AM | L93: R-CM | M93: H. flott. | N93: Abs | O93: PM | Q93: N | R93: 1h -FT | S93: PM | U93: PM | W93: D | Y93: PM | Z93: D | AA93: PM | AC93: PM | AD93: AM | AE93: 06h-10h | AF93: 1/2DTT | AG93: PM | AI93: PM | AJ93: 13h-22h | AK93: PM | AL93: Abs | AM93: D | AN93: VA
B94: 25 | C94: H. flott. | D94: 2,5h RHS | G94: 06h-15h | H94: 1h +FT | I94: AM | J94: Abs | K94: PM | L94: R-CM | M94: H. flott. | N94: Abs | O94: N | P94: E. min SD26 | Q94: N | S94: N | T94: PM | U94: N | V94: AM | W94: D | Y94: N | Z94: D | AA94: N | AB94: AM | AC94: PM | AD94: D-CPPT | AE94: AM | AF94: 1/2DTT | AG94: AM | AH94: RTT | AI94: PM | AJ94: VA | AK94: PM | AL94: Abs | AM94: D | AN94: VA
B95: 26 | C95: SD 26 | D95: 8h +FT | G95: SD26 | H95: 8h +FT | I95: AM | J95: Abs | K95: PM | L95: R-CM | M95: AM | N95: R-CM | O95: N | P95: E. min SD26 | Q95: N | S95: PM | T95: - | U95: N | V95: AM | W95: D | Y95: N | Z95: D | AA95: N | AB95: AM | AC95: N | AD95: AM | AE95: AM | AF95: 1/2DTT | AG95: AM | AH95: RTT | AI95: PM | AJ95: VA | AK95: PM | AL95: Abs | AM95: -
B96: 27 | C96: - | D96: SD 26 | G96: AM | H96: VA | I96: PM | J96: Abs | K96: N | L96: R-CM | M96: PM | N96: R-CM | O96: - | Q96: - | S96: - | U96: - | W96: D | Y96: - | AA96: - | AC96: - | AE96: - | AG96: - | AI96: - | AK96: - | AL96: Abs | AM96: -
B97: 28 | C97: - | D97: SD 26 | G97: AM | H97: SD26 | I97: PM | J97: Abs | K97: 18h-6h | L97: R-CM | M97: - | O97: - | Q97: - | S97: - | U97: - | W97: - | Y97: - | AA97: - | AC97: - | AE97: - | AG97: - | AI97: - | AK97: - | AL97: Abs | AM97: -
B98: 29 | C98: - | D98: 3h +FT | G98: AM | H98: 3h -FT | I98: PM | J98: Abs | K98: 18h-6h | L98: R-CM | M98: - | O98: - | Q98: - | S98: - | U98: - | W98: - | Y98: - | AA98: - | AC98: - | AE98: - | AG98: - | AI98: - | AK98: - | AL98: Abs | AM98: -
B99: 30 | C99: H. flott. | D99: SD 26 | G99: PM | H99: SD26 | I99: N | J99: Abs | K99: - | M99: PM | N99: R-CM | O99: - | Q99: - | R99: F | S99: 6h-14h | T99: F | U99: 6h-14h | W99: 11h-18h | X99: 1h rhs | Y99: D | AA99: - | AC99: - | AD99: 6h-14h | AE99: 6h-14h | AF99: RTT | AG99: - | AI99: D | AJ99: CP | AK99: - | AL99: Abs | AM99: AM | AN99: R
B100: 31 | C100: H. flott. | D100: SD 26 | G100: PM | H100: SD26 | I100: N | J100: Abs | K100: - | M100: PM | N100: R-CM | O100: - | Q100: - | R100: F | S100: 6h-14h | T100: F | U100: 6h-14h | W100: D | Y100: D | AA100: D | AB100: STEP | AC100: - | AD100: 6h-14h | AE100: 6h-14h | AF100: RTT | AG100: - | AI100: D | AJ100: CP | AK100: - | AL100: Abs | AM100: AM | AN100: R
B101: 1 | C101: SD 26 | D101: 3h +FT | G101: N | H101: 4h +FT | I101: - | J101: Abs | K101: AM | L101: rhs | M101: PM | N101: R-CM | O101: D | P101: CT | Q101: D | R101: F | S101: 6h-14h | T101: F | U101: 6h-14h | W101: D | Y101: - | Z101: D | AA101: D | AB101: CP | AC101: 6h-14h | AE101: 6h-14h | AF101: RTT | AG101: 6h-14h | AH101: VA | AI101: D | AJ101: VA | AK101: 7h-15h | AL101: Abs | AM101: PM | AN101: 4h -FT
A102: A | B102: 2 | C102: SD 26 | D102: 3h +FT | G102: N | H102: 1h +FT | I102: - | J102: Abs | K102: AM | L102: rhs | M102: PM | N102: R-CM | O102: D | P102: CT | Q102: D | R102: F | S102: - | T102: F | U102: - | W102: D | Y102: D | Z102: 8h +FT | AA102: D | AB102: CP | AC102: 6h-14h | AD102: - | AE102: - | AG102: 6h-14h | AH102: VA | AI102: - | AK102: 7h-15h | AL102: Abs | AM102: PM | AN102: 2h -FT
...

Sheet Shift3
A1: SHIFT 3 | O1: Date de dernière mise à jour
O2: =Shift1!O2 -> 46295.595
O4: VA | P4: Vacances annuelles | U4: xxx | V4: Congé accordé sous restriction - Rappelable | AB4: CP | AC4: Congé Parental
O5: RTT | P5: Récup. temps de travail | U5: R | V5: Remplacement | AB5: CSS | AC5: Congé sans solde
O6: RHS | P6: Récup. heures supplémentaires | U6: Abs, | V6: Absence - Maladie | AB6: R-CM | AC6: Remplacement Contremaître
O7: RJF | P7: Récup. Jour férié | U7: DS | V7: Délégation syndicale
C9: Adjoints Contremaître | O9: Polyvalent | Q9: Fermentation | S9: Distillation | U9: Renfort arrière | Y9: Meunerie | AA9: Gluten | AC9: Polyvalent | AE9: Polyvalent | AG9: Chaudières
C10: VGG | G10: JBI | I10: YBT | K10: ATR | M10: FPA | O10: FLN | Q10: CKS | S10: PDR | U10: ALZ | Y10: DKS | AA10: IME | AC10: SPT | AE10: MMS | AG10: ADK | AI10: LAX | AK10: JBA
B11: 1 | C11: - | G11: - | I11: AM | J11: Abs | K11: PM | L11: 8h -FT | M11: H. flott. | N11: 8h -FT | O11: - | Q11: - | R11: Abs | S11: - | U11: - | Y11: - | AA11: - | AC11: - | AG11: - | AI11: - | AK11: -
B12: 2 | C12: H. flott | D12: RTT | G12: AM | H12: RHS | I12: PM | J12: Abs | K12: N | L12: R-CM | M12: H. flott. | N12: 4h RTT- | O12: AM | Q12: AM | R12: Abs | S12: AM | T12: RTT- | U12: AM | V12: VA | Y12: AM | AA12: AM | AB12: RTT- | AC12: AM | AG12: AM | AI12: AM | AK12: AM
A13: J | B13: 3 | C13: - | G13: AM | I13: PM | J13: Abs | K13: N | L13: R-CM | M13: - | N13: 4h RTT | O13: AM | Q13: AM | S13: AM | T13: RTT- | U13: AM | Y13: AM | AA13: AM | AB13: RTT- | AC13: AM | AG13: AM | AI13: AM | AK13: AM
A14: A | B14: 4 | C14: - | G14: AM | H14: poly. Arr. | I14: PM | J14: Abs | K14: N | L14: R-CM | M14: - | O14: AM | P14: 8h -FT | Q14: AM | S14: AM | T14: 8h -FT | U14: AM | Y14: AM | AA14: AM | AB14: RTT- | AC14: AM | AG14: AM | AH14: 4h -FT | AI14: AM | AK14: AM
A15: N | B15: 5 | C15: H. flott. | G15: PM | H15: RTT - | I15: N | J15: Abs | K15: - | M15: AM | N15: R-CM | O15: PM | Q15: PM | R15: VA | S15: PM | T15: RTT- | U15: PM | Y15: PM | AA15: PM | AB15: N | AC15: PM | AE15: D | AG15: PM | AI15: PM | AJ15: 4h rhs | AK15: PM
A16: V | B16: 6 | C16: H. flott. | D16: 1h RHS | G16: PM | H16: poly. Arr. | I16: N | J16: Abs | K16: - | M16: AM | N16: R-CM | O16: PM | P16: N | Q16: PM | R16: N | S16: PM | T16: RTT- | U16: PM | V16: R | Y16: PM | AA16: PM | AB16: N | AC16: PM | AE16: D | AG16: PM | AH16: AM | AI16: PM | AK16: PM
A17: I | B17: 7 | C17: H. flott. | D17: R-CM | G17: N | H17: R-CM | I17: - | J17: Abs | K17: R-CM | L17: 2h RTT- | M17: PM | N17: R-CM | O17: N | Q17: N | S17: N | T17: RTT- | U17: N | V17: VA | Y17: N | AA17: N | AC17: N | AD17: RJF | AE17: D | AG17: N | AH17: 0,25 rhs | AI17: N | AK17: N
A18: E | B18: 8 | C18: H. flott. | D18: R-CM | G18: N | H18: R-CM | I18: - | J18: Abs | K18: AM | L18: VA | M18: PM | N18: R-CM | O18: N | Q18: N | R18: VA | S18: N | T18: RTT- | U18: N | V18: R | Y18: N | AA18: N | AC18: N | AE18: D | AG18: N | AI18: N | AK18: N
A19: R | B19: 9 | C19: H. flott. | D19: RJF | G19: - | I19: AM | J19: Abs | K19: PM | L19: R-CM | M19: N | N19: R-CM | O19: - | Q19: - | S19: - | U19: - | Y19: - | AA19: - | AC19: - | AE19: D | AG19: - | AI19: - | AK19: -
B20: 10 | C20: - | G20: - | H20: 4h +FT | I20: AM | J20: Abs | K20: PM | L20: R-CM | M20: N | N20: R-CM | O20: - | Q20: - | S20: - | U20: - | Y20: - | AA20: - | AC20: - | AE20: - | AG20: - | AI20: - | AK20: -
B21: 11 | C21: - | G21: - | I21: AM | J21: Abs | K21: PM | L21: R-CM | M21: N | N21: R-CM | O21: - | Q21: - | S21: - | U21: - | Y21: - | AA21: - | AC21: - | AE21: - | AG21: - | AI21: - | AK21: -
B22: 12 | C22: AM | D22: poly-arr | G22: AM | H22: R-CM | I22: PM | J22: Abs | K22: N | M22: - | O22: D | P22: TP | Q22: 7h-15h | R22: - | S22: - | U22: - | Y22: D | Z22: VA | AA22: 6h-14h | AB22: CP | AC22: D | AD22: TP | AE22: D | AG22: 7h-15h | AI22: - | AK22: -
B23: 13 | C23: AM | D23: Abs | G23: 7h-15h | H23: 1h rhs | I23: PM | J23: Abs | K23: N | L23: R-CM | M23: - | N23: 2h +FT | O23: D | P23: TP | Q23: 7h-15h | R23: 1/2VA | S23: - | U23: - | Y23: D | Z23: VA | AA23: 6h-14h | AB23: CP | AC23: D | AD23: TP | AE23: D | AG23: 7h-15h | AH23: AM | AI23: - | AK23: -
A24: 2 | B24: 14 | C24: PM | D24: Abs | G24: 14h-01h | H24: R-CM | I24: PM | J24: Abs | K24: - | M24: AM | N24: R-CM | O24: D | P24: TP | Q24: 7h-15h | R24: 1/2VA | S24: D | T24: CT | U24: D | V24: CP | Y24: D | Z24: VA | AA24: 6h-14h | AB24: RHS | AC24: D | AD24: TP | AE24: D | AG24: AM | AH24: 2h +FT | AI24: D | AJ24: TP | AK24: D | AL24: PM
A25: 0 | B25: 15 | C25: PM | D25: Abs | G25: PM | H25: R-CM | I25: N | J25: Abs | K25: - | M25: AM | N25: R-CM | O25: - | Q25: F | R25: 2h RTT | S25: D | T25: CT | U25: D | V25: CP | Y25: - | AA25: - | AC25: - | AE25: D | AG25: - | AI25: D | AJ25: TP | AK25: D-F | AL25: 4h rhs
A26: 2 | B26: 16 | C26: N | D26: Abs | G26: - | H26: 3h +FT | I26: - | J26: Abs | K26: AM | L26: R-CM | M26: PM | N26: R-CM | O26: - | Q26: - | R26: 2h RTT | S26: D | T26: CT | U26: D | V26: VA | Y26: - | AA26: - | AC26: - | AE26: D | AG26: - | AI26: D | AJ26: TP | AK26: D | AL26: RHS
A27: 6 | B27: 17 | C27: N | D27: Abs | G27: - | H27: 18h-22h | I27: - | J27: Abs | K27: AM | L27: R-CM | M27: PM | N27: 8h -FT | O27: - | Q27: - | S27: - | U27: - | Y27: - | AA27: - | AC27: - | AE27: - | AG27: - | AI27: - | AK27: -
B28: 18 | C28: N | D28: Abs | G28: - | I28: - | J28: Abs | K28: AM | L28: R-CM | M28: PM | N28: Abs | O28: - | Q28: - | S28: - | U28: - | Y28: - | AA28: - | AC28: - | AE28: - | AG28: - | AI28: - | AK28: -
B29: 19 | C29: - | G29: AM | H29: R-CM | I29: D | J29: Abs | K29: PM | M29: N | N29: Abs | O29: AM | Q29: AM | S29: AM | U29: AM | Y29: AM | AA29: AM | AB29: N | AC29: AM | AD29: 2h RTT | AE29: D | AG29: AM | AI29: AM | AK29: AM | AL29: 1h rhs
B30: 20 | C30: - | G30: AM | H30: R-CM | I30: D | J30: Abs | K30: PM | L30: meunerie | M30: N | N30: Abs | O30: AM | Q30: AM | S30: AM | T30: 4h rhs | U30: AM | Y30: AM | Z30: D-F | AA30: AM | AB30: N | AC30: AM | AE30: D | AG30: AM | AI30: AM | AK30: AM
B31: 21 | C31: AM | D31: R-CM | G31: 7h-15h | H31: F | I31: D | J31: Abs | K31: N | L31: DS-CE | M31: N | N31: Abs | O31: PM | P31: F | Q31: PM | R31: 1/2VA | S31: PM | U31: PM | V31: Abs | Y31: PM | AA31: PM | AB31: N | AC31: PM | AE31: D | AG31: PM | AI31: PM | AJ31: F | AK31: PM
B32: 22 | C32: PM | D32: R-CM | G32: 7h-15h | H32: 3h rhs | I32: - | J32: Abs | K32: AM | L32: R-CM | M32: - | N32: Abs | O32: PM | P32: R | Q32: PM | R32: N | S32: PM | U32: PM | V32: 3h RTT | Y32: PM | Z32: Abs | AA32: PM | AB32: N | AC32: PM | AE32: D | AG32: PM | AH32: 2h rhs | AI32: PM | AJ32: Abs | AK32: PM
B33: 23 | C33: PM | D33: VA | G33: 7h-15h | H33: F | I33: - | J33: Abs | K33: - | M33: AM | N33: Abs | O33: PM | P33: gluten | Q33: N | S33: N | U33: N | Y33: N | Z33: RJF | AA33: N | AC33: N | AE33: D | AG33: N | AI33: N | AJ33: Abs | AK33: N
B34: 24 | C34: PM | D34: VA | G34: - | I34: - | J34: Abs | K34: - | L34: 2h RTT | M34: AM | N34: Abs | O34: PM | P34: gluten | Q34: N | S34: N | U34: N | Y34: N | AA34: N | AC34: N | AE34: - | AG34: N | AI34: N | AJ34: Abs | AK34: N
B35: 25 | C35: PM | D35: VA | G35: - | I35: - | J35: Abs | K35: - | M35: PM | N35: Abs | O35: N | P35: PM | Q35: N | S35: N | U35: N | Y35: N | AA35: N | AC35: N | AE35: - | AG35: N | AI35: N | AJ35: Abs | AK35: N | AL35: -
B36: 26 | C36: N | D36: R-CM | G36: AM | H36: poly. Arr. | I36: D | J36: Abs | K36: 7h-15h | L36: F | M36: PM | N36: Abs | O36: - | Q36: - | S36: - | U36: - | Y36: - | AA36: - | AC36: - | AE36: - | AG36: - | AI36: - | AK36: - | AL36: F
B37: 27 | C37: N | D37: 4h RTT | G37: AM | H37: RHS | I37: D | J37: Abs | K37: 7h-15h | L37: F | M37: PM | N37: Abs | O37: - | Q37: - | S37: - | U37: - | Y37: - | AA37: - | AC37: - | AE37: - | AF37: AM | AG37: - | AI37: - | AK37: - | AL37: F
B38: 28 | C38: - | G38: PM | H38: RHS | I38: D | J38: Abs | K38: 7h-15h | L38: R | M38: N | N38: Abs | O38: AM | Q38: AM | S38: AM | T38: CT | U38: AM | V38: PM | Y38: AM | AA38: AM | AB38: N | AC38: AM | AE38: AM | AG38: AM | AH38: D-CPPT | AI38: AM | AK38: AM | AL38: F
B39: 29 | C39: - | G39: PM | H39: VA | I39: D | J39: Abs | K39: - | M39: N | N39: Abs | O39: AM | Q39: AM | S39: AM | T39: CT | U39: AM | V39: PM | Y39: AM | AA39: AM | AB39: N | AC39: AM | AD39: 1/2RJF | AE39: AM | AG39: AM | AI39: AM | AK39: - | AL39: AM
B40: 30 | C40: AM | D40: Abs | G40: 18h-06h | H40: R-CM | I40: D | J40: Abs | K40: - | M40: - | N40: Abs | O40: PM | Q40: PM | S40: PM | U40: PM | V40: N | Y40: PM | AA40: PM | AB40: N | AC40: N | AD40: Abs | AE40: PM | AG40: PM | AI40: PM | AK40: PM
B41: 31 | C41: R-CM | D41: 06h-16h | G41: N | H41: 19h-22h | I41: - | J41: Abs | K41: - | M41: - | N41: Abs | O41: PM | Q41: PM | R41: RJF | S41: PM | U41: PM | V41: R | Y41: PM | AA41: PM | AB41: N | AC41: PM | AD41: N | AE41: PM | AG41: PM | AI41: PM | AK41: PM | AL41: VA
B42: 1 | C42: AM | D42: R-CM | G42: N | H42: poly-arr | I42: - | J42: Abs | K42: - | M42: - | N42: Abs | O42: PM | Q42: PM | S42: PM | U42: PM | Y42: PM | AA42: PM | AB42: N | AC42: PM | AD42: N | AE42: PM | AG42: PM | AI42: PM | AK42: PM
B43: 2 | C43: PM | D43: poly. Arr. | G43: - | H43: 4h +FT | I43: AM | J43: Abs | K43: 7h-15h | L43: R | M43: H. flott. | N43: CP | O43: N | P43: Abs | Q43: N | R43: AM | S43: N | U43: N | V43: R | Y43: N | Z43: - | AA43: N | AC43: N | AE43: N | AG43: N | AI43: N | AK43: N
A44: F | B44: 3 | C44: PM | D44: poly. Arr. | G44: - | I44: AM | J44: Abs | K44: 7h-15h | L44: F | M44: H. flott. | N44: CP | O44: N | P44: Abs | Q44: N | R44: F | S44: N | U44: N | V44: R | Y44: N | Z44: F | AA44: N | AC44: N | AE44: N | AG44: N | AH44: 4h RHS | AI44: N | AK44: N
A45: E | B45: 4 | C45: PM | D45: poly. Arr. | G45: AM | H45: R | I45: PM | J45: Abs | K45: 7h-15h | L45: R | M45: H. flott. | N45: CP | O45: - | P45: Abs | Q45: - | S45: - | U45: - | Y45: - | Z45: F | AA45: - | AC45: - | AE45: - | AG45: - | AI45: - | AK45: -
A46: V | B46: 5 | C46: PM - poly. Arr. | D46: 2h +FT | G46: AM | H46: RHS | I46: PM | J46: Abs | K46: 7h-15h | L46: 4h RTT | M46: - | O46: - | P46: Abs | Q46: - | S46: - | U46: - | Y46: - | AA46: - | AC46: - | AE46: - | AG46: - | AI46: - | AK46: -
A47: R | B47: 6 | C47: - | G47: PM | H47: RHS | I47: N | J47: Abs | K47: 7h-15h | M47: - | O47: AM | P47: Abs | Q47: AM | S47: AM | T47: 2h rhs | U47: AM | Y47: AM | AA47: AM | AC47: AM | AE47: AM | AG47: AM | AH47: 2h rhs | AI47: AM | AK47: AM
A48: I | B48: 7 | C48: - | G48: PM | H48: 1h -FT | I48: N | J48: Abs | K48: - | M48: - | O48: AM | P48: RTT | Q48: AM | S48: AM | U48: AM | Y48: AM | AA48: AM | AB48: 1/2DTT | AC48: AM | AD48: 1h RTT | AE48: AM | AG48: AM | AI48: AM | AK48: AM
A49: E | B49: 8 | C49: - | G49: PM | H49: distil. | I49: N | J49: Abs | K49: - | M49: - | O49: AM | Q49: AM | S49: AM | U49: AM | V49: 4h -FT | Y49: AM | AA49: AM | AB49: RHS | AC49: AM | AE49: AM | AG49: AM | AI49: AM | AK49: AM
A50: R | B50: 9 | C50: 8h-12h | D50: 1h RTT | G50: N | H50: RHS | I50: - | J50: Abs | K50: AM | L50: meunerie | M50: H. flott. | N50: RJF | O50: PM | P50: R | Q50: AM | R50: 3h RTT | S50: PM | U50: PM | Y50: PM | AA50: N | AB50: Abs | AC50: PM | AE50: PM | AG50: PM | AI50: PM | AK50: PM
B51: 10 | C51: H. flott. | D51: Abs | G51: N | H51: poly-arr | I51: - | J51: Abs | K51: AM | L51: R-CM | M51: H. flott. | N51: Abs | O51: PM | P51: Abs | Q51: PM | R51: F | S51: PM | U51: 7h-15h | V51: 1/2VA | Y51: PM | AA51: PM | AB51: N | AC51: PM | AD51: Abs | AE51: PM | AG51: PM | AI51: PM | AJ51: gluten | AK51: PM
B52: 11 | C52: 7h-12h | D52: 3h RTT | G52: - | I52: AM | J52: Abs | K52: PM | L52: R-CM | M52: H. flott. | N52: RJF | O52: PM | P52: RTT | Q52: N | S52: N | U52: N | V52: VA | Y52: N | AA52: N | AC52: N | AE52: N | AG52: N | AI52: N | AK52: N
B53: 12 | C53: H. flott. | D53: Chaudières | G53: - | H53: 3h +FT | I53: AM | J53: Abs | K53: PM | L53: DS | M53: H. flott. | N53: RJF | O53: N | P53: DS | Q53: N | S53: N | U53: N | V53: VA | Y53: N | AA53: N | AC53: N | AE53: N | AG53: N | AH53: 4h rhs | AI53: N | AK53: N
B54: 13 | C54: - | D54: H. flott. | G54: AM | H54: RHS | I54: PM | J54: Abs | K54: N | L54: R-CM | M54: H. flott. | N54: RJF | O54: - | Q54: - | S54: - | U54: - | Y54: - | AA54: - | AC54: - | AE54: - | AG54: - | AI54: - | AK54: -
A55: 2 | B55: 14 | C55: - | G55: AM | I55: PM | J55: Abs | K55: N | L55: R-CM | M55: - | O55: - | Q55: - | S55: - | U55: - | Y55: - | AA55: - | AC55: - | AE55: - | AG55: - | AI55: - | AK55: -
A56: 0 | B56: 15 | C56: - | G56: R-CM | H56: 3h -FT | I56: PM | J56: Abs | K56: N | L56: R-CM | M56: - | O56: - | Q56: - | S56: - | U56: - | Y56: - | AA56: - | AC56: - | AE56: - | AG56: - | AI56: - | AK56: -
A57: 2 | B57: 16 | C57: H. flott. | D57: - | G57: R-CM | H57: 18h-06h | I57: N | J57: Abs | K57: - | L57: 4h +FT | M57: AM | N57: meunerie | O57: - | Q57: - | S57: D | T57: CT | U57: D | V57: CP | Y57: - | AA57: - | AC57: - | AE57: - | AG57: - | AI57: D | AJ57: TP | AK57: D | AL57: RJF
A58: 6 | B58: 17 | C58: H. flott. | D58: - | G58: R-CM | H58: 18h-06h | I58: N | J58: Abs | K58: - | M58: AM | N58: meunerie | O58: - | Q58: - | R58: 7h-15h | S58: D | T58: CT | U58: D | V58: CP | Y58: - | AA58: - | AC58: - | AE58: - | AG58: - | AI58: D | AJ58: TP | AK58: D | AL58: RTT
B59: 18 | C59: H. flott. | D59: VA | G59: N | H59: R-CM | I59: - | J59: Abs | K59: AM | L59: DS-CE | M59: PM | N59: R-CM | O59: D | P59: TP | Q59: 7h-15h | S59: D | T59: CT | U59: D | V59: CP | Y59: 6h-14h | AA59: 6h-14h | AB59: CP | AC59: D | AD59: TP | AE59: 6h-14h | AG59: 7h-15h | AH59: 8h-12h | AI59: D | AJ59: TP | AK59: D | AL59: VA
B60: 19 | C60: H. flott. | D60: VA | G60: N | H60: RHS | I60: - | J60: Abs | K60: AM | L60: R | M60: PM | N60: Abs | O60: D | P60: TP | Q60: 7h-15h | R60: 2h RTT | S60: - | U60: - | Y60: 6h-14h | Z60: 4h RTT | AA60: 6h-14h | AB60: CP | AC60: D | AD60: TP | AE60: 6h-14h | AG60: 7h-15h | AH60: 8h-15h | AI60: - | AK60: -
B61: 20 | C61: H. flott. | D61: VA | G61: - | I61: AM | J61: Abs | K61: PM | L61: R-CM | M61: N | N61: Abs | O61: D | P61: TP | Q61: 7h-15h | R61: - | S61: - | U61: - | Y61: AM | AA61: 6h-14h | AB61: CP | AC61: D | AD61: VA | AE61: 6h-14h | AG61: 7h-15h | AH61: 8h-12h | AI61: - | AK61: -
B62: 21 | C62: - | D62: SD26 | G62: - | I62: AM | J62: Abs | K62: PM | L62: R-CM | M62: N | N62: Abs | O62: - | Q62: - | S62: - | U62: - | Y62: - | AA62: - | AC62: - | AE62: - | AG62: - | AI62: - | AK62: -
B63: 22 | C63: - | D63: - | G63: - | I63: AM | J63: Abs | K63: R-CM | L63: N | M63: N | N63: Abs | O63: - | Q63: - | S63: - | U63: - | Y63: - | AA63: - | AC63: - | AE63: - | AG63: - | AI63: - | AK63: -
B64: 23 | C64: AM | D64: SD26 | G64: 7h-15h | H64: - | I64: PM | J64: Abs | K64: N | L64: 1h rhs | M64: - | N64: Abs | O64: AM | P64: TP | Q64: AM | S64: AM | U64: AM | V64: R | Y64: AM | AA64: AM | AB64: N | AC64: AM | AE64: AM | AG64: AM | AI64: AM | AK64: AM
B65: 24 | C65: AM | D65: SD26 | G65: 7h-15h | H65: - | I65: PM | J65: Abs | K65: N | L65: RTT | M65: - | N65: Abs | O65: AM | P65: VA | Q65: AM | S65: AM | U65: AM | V65: VA | Y65: 06h-18h | Z65: 4h +FT | AA65: AM | AB65: N | AC65: AM | AE65: AM | AG65: AM | AI65: AM | AK65: AM
B66: 25 | C66: PM | D66: SD26 -F | G66: 7h-15h | H66: SD26 | I66: N | J66: Abs | K66: - | M66: AM | N66: Abs | O66: PM | Q66: PM | R66: 1/2RJF | S66: PM | U66: PM | Y66: PM | Z66: 2h +FT | AA66: PM | AB66: N | AC66: PM | AE66: PM | AG66: 10h-22h | AH66: CPPT | AI66: PM | AK66: PM
B67: 26 | C67: PM | D67: F | G67: - | H67: D-F | I67: N | J67: Abs | K67: - | M67: AM | N67: Abs | O67: PM | Q67: PM | S67: PM | T67: 2h -FT | U67: PM | V67: 12h-20h | Y67: PM | AA67: PM | AB67: N | AC67: PM | AD67: 1/2RJF | AE67: PM | AG67: PM | AI67: PM | AJ67: gluten | AK67: PM
B68: 27 | C68: N | D68: F | G68: - | H68: D-F | I68: - | J68: Abs | K68: AM | L68: 1/2RJF | M68: PM | N68: Abs | O68: N | Q68: N | S68: N | U68: N | V68: 12h-20h | Y68: N | AA68: N | AC68: N | AE68: N | AG68: N | AH68: 4h rhs | AI68: N | AK68: N
B69: 28 | C69: N | D69: - | G69: - | I69: - | J69: Abs | K69: AM | L69: R-CM | M69: PM | N69: Abs | O69: N | P69: - | Q69: N | S69: N | U69: N | V69: 8h -FT | Y69: N | AA69: N | AC69: N | AE69: N | AG69: N | AH69: 4h rhs | AI69: N | AK69: N
B70: 1 | C70: N | D70: - | G70: - | I70: - | J70: Abs | K70: AM | L70: distill. | M70: PM | N70: Abs | O70: N | P70: - | Q70: N | S70: N | U70: N | V70: AM | Y70: N | AA70: N | AC70: N | AE70: N | AG70: N | AI70: N | AK70: N | AL70: 1h +FT
B71: 2 | C71: - | D71: SD26 | G71: 7h-15h | H71: 1h RTT | I71: D | J71: Abs | K71: PM | L71: R-CM | M71: N | N71: Abs | O71: AM | P71: SD26 | Q71: - | S71: - | U71: AM | V71: 8h +FT | Y71: - | AA71: - | AC71: - | AE71: - | AG71: - | AH71: 4h +FT | AI71: - | AK71: -
A72: M | B72: 3 | C72: - | D72: SD26 | G72: 7h-15h | H72: 1h RTT | I72: D | J72: Abs | K72: R-CM | L72: 1h +FT | M72: N | N72: Abs | O72: AM | P72: SD26 | Q72: - | S72: - | U72: - | Y72: - | AA72: - | AC72: - | AE72: - | AG72: - | AI72: - | AK72: -
A73: A | B73: 4 | C73: AM | D73: SD26 | G73: 7h-15h | H73: 2h RTT | I73: D | J73: Abs | K73: N | L73: DTT | M73: - | N73: Abs | O73: AM | P73: SD26 | Q73: AM | S73: AM | T73: VA | U73: AM | Y73: AM | AA73: AM | AB73: N | AC73: AM | AE73: AM | AG73: AM | AI73: AM | AK73: AM
A74: R | B74: 5 | C74: AM | D74: SD26 | G74: 7h-15h | H74: SD26 | I74: - | J74: Abs | K74: N | L74: poly. Arr. | M74: - | O74: AM | P74: SD26 | Q74: AM | S74: AM | T74: VA | U74: AM | Y74: AM | AA74: AM | AB74: N | AC74: AM | AE74: AM | AG74: AM | AI74: AM | AK74: AM
A75: S | B75: 6 | C75: PM | D75: 2h RTT | G75: 7h-15h | H75: 3h RTT | I75: - | J75: Abs | K75: - | M75: PM | N75: R-CM | O75: AM | P75: SD26 | Q75: PM | S75: PM | U75: PM | Y75: PM | AA75: PM | AB75: N | AC75: PM | AE75: PM | AG75: PM | AI75: PM | AK75: PM
B76: 7 | C76: PM | G76: - | H76: 2h +FT | I76: - | J76: Abs | K76: - | M76: R-CM | N76: 1h +FT | O76: PM | P76: - | Q76: PM | R76: 1/2RJF | S76: PM | U76: PM | Y76: PM | AA76: PM | AB76: N | AC76: PM | AD76: VA | AE76: PM | AG76: PM | AH76: AM | AI76: PM | AK76: PM | AL76: VA
B77: 8 | C77: PM | G77: - | H77: 4h +FT | I77: - | J77: Abs | K77: - | M77: PM | N77: R-CM | O77: PM | P77: - | Q77: PM | S77: PM | U77: PM | V77: AM | Y77: PM | Z77: N | AA77: PM | AB77: N | AC77: PM | AE77: PM | AG77: PM | AI77: PM | AK77: PM
A78: 2 | B78: 9 | C78: N | D78: SD26 | G78: AM | H78: R-CM | I78: D | J78: Abs | K78: 6h-17h | M78: PM | N78: terr arr | O78: 07h-15h | P78: SD26 | Q78: N | S78: 18h-06h | T78: 4h +FT | U78: N | Y78: N | AA78: N | AC78: N | AE78: N | AG78: N | AI78: N | AK78: N
A79: 0 | B79: 10 | C79: N | D79: SD26 | G79: AM | H79: R-CM | I79: D | J79: Abs | K79: 7h-15h | L79: 1h RTT | M79: PM | N79: terr arr | O79: AM | P79: SD26 | Q79: N | S79: N | U79: N | Y79: N | AA79: N | AC79: N | AE79: N | AG79: N | AI79: N | AK79: N
A80: 2 | B80: 11 | C80: - | D80: SD26/ Abs | G80: PM | H80: R-CM | I80: D | J80: Abs | K80: AM | L80: R-CM | M80: N | N80: Abs | O80: AM | P80: SD26 | Q80: - | S80: - | U80: - | Y80: - | AA80: - | AC80: - | AE80: - | AG80: N | AH80: 5h +FT | AI80: - | AK80: -
A81: 6 | B81: 12 | C81: - | D81: SD26 | G81: PM | H81: R-CM | I81: D | J81: Abs | K81: - | M81: N | N81: Abs | O81: AM | P81: SD26 | Q81: - | S81: - | U81: - | Y81: - | AA81: - | AC81: - | AE81: - | AG81: - | AI81: - | AK81: -
B82: 13 | C82: AM | D82: SD26 | G82: 06h-18h | H82: 2h RTT | I82: D | J82: Abs | K82: - | M82: - | O82: AM | P82: 8h +FT | Q82: AM | R82: VA | S82: AM | U82: AM | V82: ferm. Liq | Y82: AM | Z82: 4h +FT | AA82: AM | AB82: N | AC82: AM | AE82: AM | AG82: AM | AI82: AM | AK82: AM
B83: 14 | C83: AM | D83: 4h RTT | G83: AM | H83: R-CM | I83: - | J83: Abs | K83: - | L83: 4h +FT | M83: - | O83: AM | Q83: AM | S83: AM | U83: AM | Y83: AM | AA83: AM | AB83: N | AC83: AM | AD83: 3h RTT | AE83: AM | AG83: AM | AI83: AM | AK83: AM
B84: 15 | C84: AM | D84: 1h RTT | G84: N | H84: PM | I84: - | J84: Abs | K84: - | M84: - | O84: AM | Q84: AM | S84: AM | U84: AM | Y84: AM | Z84: 6h-18h | AA84: AM | AB84: N | AC84: AM | AE84: AM | AG84: AM | AI84: AM | AK84: AM
A85: SHUT-DOWN 2026 | B85: 16 | C85: PM | D85: SD 26 | G85: - | H85: 06h-18h | I85: AM | J85: Abs | K85: 06h-15h | L85: R-CM/VM | M85: H. flott. | N85: CP | O85: AM | P85: SD26 | Q85: PM | R85: VM | S85: PM | T85: VM | U85: PM | V85: N | Y85: PM | AA85: PM | AB85: N | AC85: PM | AE85: PM | AG85: PM | AI85: PM | AJ85: VM | AK85: PM | AL85: 10h-22h
B86: 17 | C86: PM | D86: SD 26 | G86: - | H86: 06h-17h | I86: AM | J86: Abs | K86: AM | L86: R-CM | M86: H. flott. | N86: CP | O86: AM | P86: SD26 | Q86: PM | R86: 1/2RJF | S86: PM | U86: PM | V86: N | Y86: PM | AA86: PM | AB86: N | AC86: PM | AE86: PM | AG86: PM | AI86: PM | AK86: PM
B87: 18 | C87: N | D87: SD 26 | G87: AM | H87: SD26 | I87: PM | J87: Abs | K87: AM | L87: R-CM | M87: H. flott. | N87: CP | O87: AM | P87: SD26 | Q87: N | S87: N | U87: N | V87: VA | Y87: N | Z87: RTT | AA87: N | AB87: 4h RTT | AC87: N | AE87: N | AG87: N | AI87: N | AK87: N
B88: 19 | C88: N | D88: SD 26 | G88: AM | H88: VA | I88: PM | J88: Abs | K88: AM | L88: R-CM | M88: - | O88: AM | P88: SD26 | Q88: N | R88: 2h RTT | S88: N | U88: N | Y88: N | Z88: RTT | AA88: N | AC88: N | AE88: N | AG88: N | AI88: N | AK88: N | AL88: 2h rhs
B89: 20 | C89: - | D89: SD 26 | G89: R-CM | H89: 1/2VA | I89: N | J89: Abs | K89: 06h-18h | L89: R-CM | M89: - | O89: AM | P89: SD26 | Q89: - | R89: N | S89: - | U89: PM | V89: 8h +FT | Y89: - | AA89: - | AC89: - | AE89: - | AG89: - | AI89: - | AK89: -
B90: 21 | C90: - | D90: SD 26 | G90: PM | H90: 6h-18 | I90: N | J90: Abs | K90: - | L90: 6h-18h | M90: - | O90: AM | P90: 8h +FT | Q90: - | S90: - | U90: - | Y90: - | AA90: - | AC90: - | AE90: - | AG90: - | AH90: 06-12h | AI90: - | AJ90: AM | AK90: -
B91: 22 | C91: - | G91: PM | H91: 6h-18 | I91: N | J91: Abs | K91: - | L91: AM | M91: - | O91: - | Q91: - | S91: - | U91: - | Y91: - | AA91: - | AC91: - | AE91: - | AG91: - | AH91: AM | AI91: - | AK91: -
B92: 23 | C92: H. flott. | D92: SD 26 | G92: 06h-15h | H92: 1h +FT | I92: - | J92: Abs | K92: AM | L92: R-CM | M92: H. flott. | N92: Abs | O92: 6h-18h | P92: 4h +FT | Q92: 7h-15h | R92: - | S92: - | U92: - | Y92: 6h-14h | AA92: 6h-14h | AB92: CP | AC92: D | AD92: TP | AE92: 7h-15h | AG92: 7h-15h | AI92: - | AK92: -
B93: 24 | C93: H. flott. | D93: SD 26 | G93: N | H93: 1h +FT | I93: - | J93: Abs | K93: AM | L93: R-CM | M93: H. flott. | N93: Abs | O93: AM | P93: SD26 | Q93: 7h-15h | S93: - | U93: - | Y93: 6h-14h | AA93: 6h-14h | AB93: CP | AC93: D | AD93: TP | AE93: 7h-15h | AG93: 7h-15h | AI93: - | AK93: -
B94: 25 | C94: H. flott. | D94: 2,5h RHS | G94: 06h-15h | H94: 1h +FT | I94: AM | J94: Abs | K94: PM | L94: R-CM | M94: H. flott. | N94: Abs | O94: AM | P94: SD26 | Q94: 7h-15h | R94: 1/2VA | S94: D | T94: CT | U94: D | V94: CP | Y94: 6h-14h | Z94: RTT | AA94: 6h-14h | AB94: 1h RTT | AC94: D | AD94: TP | AE94: 7h-15h | AF94: 1h RTT | AG94: 7h-15h | AH94: D-CPPT | AI94: D | AJ94: RTT | AK94: D | AL94: VA
B95: 26 | C95: SD 26 | D95: 8h +FT | G95: SD26 | H95: 8h +FT | I95: AM | J95: Abs | K95: PM | L95: R-CM | M95: AM | N95: R-CM | O95: - | Q95: 7h-15h | R95: VA | S95: D | T95: CT | U95: D | V95: CP | Y95: - | AA95: - | AB95: 2h RTT | AC95: - | AE95: - | AG95: - | AI95: D | AJ95: RTT | AK95: D | AL95: RTT
B96: 27 | C96: - | D96: SD 26 | G96: AM | H96: VA | I96: PM | J96: Abs | K96: N | L96: R-CM | M96: PM | N96: R-CM | O96: - | Q96: - | S96: D | T96: CT | U96: D | V96: VA | Y96: - | AA96: - | AC96: - | AE96: - | AG96: - | AI96: D | AJ96: RTT | AK96: D | AL96: VA
B97: 28 | C97: - | D97: SD 26 | G97: AM | H97: SD26 | I97: PM | J97: Abs | K97: 18h-6h | L97: R-CM | M97: - | O97: - | Q97: - | S97: - | U97: - | Y97: - | AA97: - | AC97: - | AE97: - | AG97: - | AI97: - | AK97: -
B98: 29 | C98: - | D98: 3h +FT | G98: AM | H98: 3h -FT | I98: PM | J98: Abs | K98: 18h-6h | L98: R-CM | M98: - | O98: - | Q98: - | S98: - | U98: - | Y98: - | AA98: - | AC98: - | AE98: - | AG98: - | AI98: - | AK98: -
B99: 30 | C99: H. flott. | D99: SD 26 | G99: PM | H99: SD26 | I99: N | J99: Abs | K99: - | M99: PM | N99: R-CM | O99: AM | P99: SD26 | Q99: AM | R99: 1h rhs | S99: AM | T99: CT | U99: AM | V99: PM | Y99: AM | AA99: PM | AB99: 1/2RJF | AC99: AM | AD99: 1/2VA | AE99: AM | AG99: AM | AI99: AM | AK99: AM | AL99: 2h RTT
B100: 31 | C100: H. flott. | D100: SD 26 | G100: PM | H100: SD26 | I100: N | J100: Abs | K100: - | M100: PM | N100: R-CM | O100: AM | P100: SD26 | Q100: AM | S100: AM | T100: CT | U100: PM | V100: Abs | Y100: AM | AA100: AM | AB100: PM | AC100: AM | AD100: 1/2VA | AE100: AM | AG100: AM | AI100: AM | AK100: AM
B101: 1 | C101: SD 26 | D101: 3h +FT | G101: N | H101: 4h +FT | I101: - | J101: Abs | K101: AM | L101: rhs | M101: PM | N101: R-CM | O101: PM | P101: SD26 | Q101: PM | S101: PM | U101: PM | V101: Abs | Y101: PM | AA101: PM | AC101: PM | AE101: PM | AG101: PM | AI101: PM | AK101: PM
A102: A | B102: 2 | C102: SD 26 | D102: 3h +FT | G102: N | H102: 1h +FT | I102: - | J102: Abs | K102: AM | L102: rhs | M102: PM | N102: R-CM | O102: PM | P102: SD26 | Q102: PM | R102: 4h rhs | S102: PM | U102: PM | Y102: PM | AA102: PM | AC102: PM | AD102: Abs | AE102: PM | AG102: PM | AI102: PM | AK102: PM
...

Sheet Shift4
A1: SHIFT 4 | O1: Date de dernière mise à jour
O2: =Shift1!O2 -> 46295.595
O4: VA | P4: Vacances annuelles | U4: xxx | V4: Congé accordé sous restriction - Rappelable | AB4: CP | AC4: Congé Parental
O5: RTT | P5: Récup. temps de travail | U5: R | V5: Remplacement | AB5: CSS | AC5: Congé sans solde
O6: RHS | P6: Récup. heures supplémentaires | U6: Abs, | V6: Absence - Maladie | AB6: R-CM | AC6: Remplacement Contremaître
O7: RJF | P7: Récup. Jour férié | U7: DS | V7: Délégation syndicale
C9: Adjoints Contremaître | O9: Polyvalent | Q9: Fermentation | S9: Distillation | U9: Renfort arrière | W9: Renfort avant | Y9: Meunerie | AA9: Gluten | AC9: Polyvalent | AE9: Polyvalent | AG9: Chaudières
C10: VGG | G10: JBI | I10: YBT | K10: ATR | M10: FPA | O10: FPS | S10: PAM | U10: QBY | W10: SMK | Y10: CGI | AA10: RDT | AC10: GPO | AE10: GSK | AG10: GBT | AI10: MHI | AK10: JBS
B11: 1 | C11: - | G11: - | I11: AM | J11: Abs | K11: PM | L11: 8h -FT | M11: H. flott. | N11: 8h -FT | O11: PM | Q11: PM | S11: PM | U11: PM | W11: N | Y11: PM | Z11: AM | AA11: N | AB11: PM | AC11: PM | AE11: PM | AF11: Abs | AG11: PM | AI11: PM | AK11: PM
B12: 2 | C12: H. flott | D12: RTT | G12: AM | H12: RHS | I12: PM | J12: Abs | K12: N | L12: R-CM | M12: H. flott. | N12: 4h RTT- | O12: N | Q12: N | S12: N | U12: N | V12: 10h-18h | W12: - | Y12: N | AA12: - | AB12: N | AC12: N | AD12: VA | AE12: N | AF12: Abs | AG12: N | AI12: N | AJ12: VA | AK12: N
A13: J | B13: 3 | C13: - | G13: AM | I13: PM | J13: Abs | K13: N | L13: R-CM | M13: - | N13: 4h RTT | O13: N | Q13: N | S13: N | U13: N | W13: - | Y13: N | AA13: - | AB13: N | AC13: N | AD13: Abs | AE13: N | AF13: Abs | AG13: N | AI13: N | AK13: N
A14: A | B14: 4 | C14: - | G14: AM | H14: poly. Arr. | I14: PM | J14: Abs | K14: N | L14: R-CM | M14: - | O14: N | Q14: N | S14: N | U14: N | W14: - | Y14: N | AA14: - | AB14: N | AC14: N | AE14: N | AF14: Abs | AG14: N | AI14: N | AK14: N
A15: N | B15: 5 | C15: H. flott. | G15: PM | H15: RTT - | I15: N | J15: Abs | K15: - | M15: AM | N15: R-CM | O15: - | Q15: 7h-15h | S15: - | U15: 10h-18h | W15: D | X15: RTT- | Y15: - | AA15: - | AB15: - | AC15: - | AE15: - | AF15: Abs | AG15: - | AI15: - | AK15: -
A16: V | B16: 6 | C16: H. flott. | D16: 1h RHS | G16: PM | H16: poly. Arr. | I16: N | J16: Abs | K16: - | M16: AM | N16: R-CM | O16: - | Q16: 7h-15h | S16: - | U16: 10h-18h | W16: D | X16: RTT- | Y16: - | AA16: - | AB16: - | AC16: - | AE16: - | AF16: Abs | AG16: - | AI16: - | AK16: -
A17: I | B17: 7 | C17: H. flott. | D17: R-CM | G17: N | H17: R-CM | I17: - | J17: Abs | K17: R-CM | L17: 2h RTT- | M17: PM | N17: R-CM | O17: AM | Q17: AM | S17: AM | T17: VA | U17: AM | V17: distillation | W17: D | X17: 5h RTT | Y17: AM | AA17: D | AB17: AM | AC17: AM | AE17: AM | AF17: Abs | AG17: AM | AH17: 3h RTT | AI17: AM | AJ17: VA | AK17: AM
A18: E | B18: 8 | C18: H. flott. | D18: R-CM | G18: N | H18: R-CM | I18: - | J18: Abs | K18: AM | L18: VA | M18: PM | N18: R-CM | O18: AM | Q18: AM | S18: AM | T18: gluten | U18: AM | V18: distillation | W18: - | X18: 3h RTT- | Y18: AM | AA18: D | AB18: AM | AC18: AM | AE18: AM | AF18: Abs | AG18: AM | AH18: 5h RTT | AI18: AM | AK18: AM
A19: R | B19: 9 | C19: H. flott. | D19: RJF | G19: - | I19: AM | J19: Abs | K19: PM | L19: R-CM | M19: N | N19: R-CM | O19: PM | Q19: PM | S19: PM | T19: gluten | U19: PM | V19: distillation | W19: - | Y19: PM | Z19: AM | AA19: D | AB19: PM | AC19: PM | AD19: RTT- | AE19: PM | AF19: Abs | AG19: PM | AI19: PM | AK19: PM
B20: 10 | C20: - | G20: - | H20: 4h +FT | I20: AM | J20: Abs | K20: PM | L20: R-CM | M20: N | N20: R-CM | O20: PM | Q20: PM | S20: PM | T20: gluten | U20: PM | V20: N | W20: - | Y20: PM | Z20: AM | AA20: - | AC20: PM | AD20: distillation | AE20: PM | AF20: Abs | AG20: PM | AI20: PM | AK20: PM
B21: 11 | C21: - | G21: - | I21: AM | J21: Abs | K21: PM | L21: R-CM | M21: N | N21: R-CM | O21: PM | Q21: PM | S21: PM | T21: AM | U21: PM | V21: gluten | W21: - | Y21: AM | Z21: 0,25 rhs | AA21: - | AC21: PM | AE21: PM | AF21: Abs | AG21: PM | AI21: PM | AK21: PM
B22: 12 | C22: AM | D22: poly-arr | G22: AM | H22: R-CM | I22: PM | J22: Abs | K22: N | M22: - | O22: N | Q22: N | S22: N | T22: gluten | U22: N | V22: distillation | W22: N | Y22: N | AA22: AM | AC22: 20h-06h | AD22: 2h +FT | AE22: N | AF22: Abs | AG22: N | AI22: N | AK22: N
B23: 13 | C23: AM | D23: Abs | G23: 7h-15h | H23: 1h rhs | I23: PM | J23: Abs | K23: N | L23: R-CM | M23: - | N23: 2h +FT | O23: N | P23: - | Q23: N | S23: N | T23: gluten | U23: N | V23: distillation | W23: N | Y23: N | AA23: AM | AC23: N | AD23: poly. Arr. | AE23: N | AF23: Abs | AG23: N | AI23: N | AK23: N | AL23: VA
A24: 2 | B24: 14 | C24: PM | D24: Abs | G24: 14h-01h | H24: R-CM | I24: PM | J24: Abs | K24: - | M24: AM | N24: R-CM | O24: - | P24: D-F | Q24: - | S24: N | T24: terr. Arr. | U24: - | W24: - | Y24: - | AA24: PM | AB24: N | AC24: - | AE24: - | AF24: Abs | AG24: - | AI24: - | AK24: -
A25: 0 | B25: 15 | C25: PM | D25: Abs | G25: PM | H25: R-CM | I25: N | J25: Abs | K25: - | M25: AM | N25: R-CM | O25: - | Q25: - | S25: - | U25: - | W25: - | Y25: - | AA25: PM | AC25: - | AE25: - | AF25: Abs | AG25: - | AI25: - | AK25: -
A26: 2 | B26: 16 | C26: N | D26: Abs | G26: - | H26: 3h +FT | I26: - | J26: Abs | K26: AM | L26: R-CM | M26: PM | N26: R-CM | O26: AM | Q26: AM | S26: AM | U26: AM | V26: gluten | W26: AM | Y26: AM | Z26: RHS | AA26: N | AC26: AM | AE26: AM | AF26: Abs | AG26: AM | AH26: VA | AI26: AM | AK26: AM
A27: 6 | B27: 17 | C27: N | D27: Abs | G27: - | H27: 18h-22h | I27: - | J27: Abs | K27: AM | L27: R-CM | M27: PM | N27: 8h -FT | O27: AM | Q27: AM | S27: AM | T27: 06h-18h | U27: AM | V27: gluten | W27: AM | Y27: AM | AA27: N | AC27: AM | AE27: AM | AF27: Abs | AG27: AM | AI27: AM | AK27: AM
B28: 18 | C28: N | D28: Abs | G28: - | I28: - | J28: Abs | K28: AM | L28: R-CM | M28: PM | N28: Abs | O28: AM | Q28: AM | S28: AM | U28: AM | V28: gluten | W28: AM | Y28: AM | Z28: 2h rhs | AA28: N | AB28: - | AC28: AM | AE28: AM | AF28: Abs | AG28: AM | AI28: AM | AK28: AM
B29: 19 | C29: - | G29: AM | H29: R-CM | I29: D | J29: Abs | K29: PM | M29: N | N29: Abs | O29: PM | Q29: PM | S29: PM | T29: meunerie | U29: PM | V29: distillation | W29: PM | Y29: PM | Z29: CT | AA29: - | AB29: D-F | AC29: PM | AE29: PM | AF29: Abs | AG29: PM | AH29: 2h RTT | AI29: PM | AK29: PM
B30: 20 | C30: - | G30: AM | H30: R-CM | I30: D | J30: Abs | K30: PM | L30: meunerie | M30: N | N30: Abs | O30: PM | Q30: PM | S30: N | T30: terr. Arr. | U30: PM | V30: distillation | W30: PM | X30: AM | Y30: PM | Z30: CT | AA30: - | AB30: D-F | AC30: PM | AE30: PM | AF30: Abs | AG30: PM | AI30: PM | AK30: PM
B31: 21 | C31: AM | D31: R-CM | G31: 7h-15h | H31: F | I31: D | J31: Abs | K31: N | L31: DS-CE | M31: N | N31: Abs | O31: N | Q31: N | S31: N | U31: PM DS-CE | V31: 4h +FT | W31: N | Y31: N | AA31: AM | AB31: D-F | AC31: N | AE31: N | AF31: CP | AG31: N | AH31: 2h RTT | AI31: N | AK31: N
B32: 22 | C32: PM | D32: R-CM | G32: 7h-15h | H32: 3h rhs | I32: - | J32: Abs | K32: AM | L32: R-CM | M32: - | N32: Abs | O32: N | Q32: N | S32: N | U32: N | V32: 14h-00h | W32: N | Y32: N | Z32: 2h RTT | AA32: AM | AB32: D-F | AC32: N | AD32: R | AE32: N | AF32: CP | AG32: N | AH32: 2h +FT | AI32: N | AK32: N | AL32: VA
B33: 23 | C33: PM | D33: VA | G33: 7h-15h | H33: F | I33: - | J33: Abs | K33: - | M33: AM | N33: Abs | O33: - | Q33: - | S33: - | U33: - | W33: - | Y33: - | AA33: PM | AB33: D-F | AC33: - | AE33: - | AF33: Abs | AG33: - | AI33: - | AK33: -
B34: 24 | C34: PM | D34: VA | G34: - | I34: - | J34: Abs | K34: - | L34: 2h RTT | M34: AM | N34: Abs | O34: - | Q34: - | S34: - | U34: - | W34: - | Y34: - | AA34: PM | AB34: - | AC34: - | AE34: - | AF34: Abs | AG34: - | AI34: - | AK34: -
B35: 25 | C35: PM | D35: VA | G35: - | I35: - | J35: Abs | K35: - | M35: PM | N35: Abs | O35: - | Q35: - | S35: - | U35: - | W35: - | Y35: - | AC35: - | AE35: - | AF35: Abs | AG35: - | AI35: - | AK35: -
B36: 26 | C36: N | D36: R-CM | G36: AM | H36: poly. Arr. | I36: D | J36: Abs | K36: 7h-15h | L36: F | M36: PM | N36: Abs | O36: - | Q36: 6h-14h | S36: AM | T36: ferm. Liqu. | U36: 6h-14h | W36: D | Y36: D | Z36: CT | AA36: - | AC36: D | AD36: 2h RTT | AE36: D | AF36: CP | AG36: - | AI36: 7h-15h | AJ36: RJF | AK36: - | AL36: F
B37: 27 | C37: N | D37: 4h RTT | G37: AM | H37: RHS | I37: D | J37: Abs | K37: 7h-15h | L37: F | M37: PM | N37: Abs | O37: - | Q37: 6h-14h | S37: AM | T37: ferm. Liqu. | U37: 6h-14h | W37: D | Y37: D | Z37: CT | AA37: - | AC37: D | AD37: 2h RTT | AE37: D | AF37: CP | AG37: - | AI37: 7h-15h | AJ37: RJF | AK37: - | AL37: F
B38: 28 | C38: - | G38: PM | H38: RHS | I38: D | J38: Abs | K38: 7h-15h | L38: R | M38: N | N38: Abs | O38: D | P38: VA | Q38: 6h-14h | S38: D | T38: VA | U38: 6h-14h | W38: D | Y38: D | Z38: CT | AA38: 6h-14h | AC38: D | AD38: - | AE38: D | AF38: CP | AG38: 7h-15h | AH38: RJF | AI38: 7h-15h | AJ38: VA | AK38: D | AL38: F
B39: 29 | C39: - | G39: PM | H39: VA | I39: D | J39: Abs | K39: - | M39: N | N39: Abs | O39: D | P39: VA | Q39: - | S39: - | T39: 8h +FT | U39: - | W39: - | Y39: - | AA39: 6h-14h | AB39: RHS | AC39: - | AD39: AM | AE39: - | AF39: Abs | AG39: 7h-15h | AH39: RJF | AI39: - | AK39: D | AL39: -
B40: 30 | C40: AM | D40: Abs | G40: 18h-06h | H40: R-CM | I40: D | J40: Abs | K40: - | M40: - | N40: Abs | O40: D | P40: RTT | Q40: - | S40: - | U40: - | W40: - | Y40: - | AA40: 6h-14h | AB40: RJF | AC40: - | AE40: - | AF40: Abs | AG40: 7h-15h | AH40: VA | AI40: - | AK40: D | AL40: -
B41: 31 | C41: R-CM | D41: 06h-16h | G41: N | H41: 19h-22h | I41: - | J41: Abs | K41: - | M41: - | N41: Abs | O41: - | Q41: - | S41: - | T41: AM | U41: - | W41: - | Y41: - | AA41: - | AC41: - | AE41: - | AF41: Abs | AG41: - | AI41: - | AK41: -
B42: 1 | C42: AM | D42: R-CM | G42: N | H42: poly-arr | I42: - | J42: Abs | K42: - | M42: - | N42: Abs | O42: - | Q42: - | S42: - | U42: - | W42: - | Y42: - | AA42: - | AC42: - | AE42: - | AF42: Abs | AG42: - | AI42: - | AK42: -
B43: 2 | C43: PM | D43: poly. Arr. | G43: - | H43: 4h +FT | I43: AM | J43: Abs | K43: 7h-15h | L43: R | M43: H. flott. | N43: CP | O43: AM | Q43: AM | S43: AM | T43: meunerie | U43: AM | V43: distillation | W43: AM | Y43: AM | Z43: N | AA43: AM | AC43: AM | AE43: AM | AF43: Abs | AG43: AM | AH43: 2h -FT | AI43: AM | AK43: AM
A44: F | B44: 3 | C44: PM | D44: poly. Arr. | G44: - | I44: AM | J44: Abs | K44: 7h-15h | L44: F | M44: H. flott. | N44: CP | O44: AM | Q44: AM | S44: AM | T44: gluten | U44: AM | V44: distillation | W44: AM | Y44: AM | Z44: N | AA44: AM | AB44: F | AC44: AM | AE44: AM | AF44: Abs | AG44: AM | AI44: AM | AJ44: F | AK44: AM | AL44: F
A45: E | B45: 4 | C45: PM | D45: poly. Arr. | G45: AM | H45: R | I45: PM | J45: Abs | K45: 7h-15h | L45: R | M45: H. flott. | N45: CP | O45: PM | P45: D | Q45: PM | S45: N | T45: terr. Arr. | U45: PM | V45: distillation | W45: PM | Y45: PM | Z45: CT | AA45: PM | AC45: PM | AE45: PM | AF45: Abs | AG45: PM | AI45: PM | AK45: PM | AL45: F
A46: V | B46: 5 | C46: PM - poly. Arr. | D46: 2h +FT | G46: AM | H46: RHS | I46: PM | J46: Abs | K46: 7h-15h | L46: 4h RTT | M46: - | O46: PM | P46: D | Q46: PM | S46: N | T46: terr. Arr. | U46: PM | V46: distillation | W46: PM | Y46: PM | Z46: CT | AA46: PM | AC46: PM | AE46: PM | AF46: Abs | AG46: PM | AH46: VA | AI46: PM | AK46: PM
A47: R | B47: 6 | C47: - | G47: PM | H47: RHS | I47: N | J47: Abs | K47: 7h-15h | M47: - | O47: N | P47: D | Q47: N | S47: N-terr. Arr. | T47: 2h RTT | U47: N | V47: VA | W47: N | Y47: N | Z47: 1h +FT | AA47: N | AC47: N | AD47: terr. Arr. | AE47: N | AF47: Abs | AG47: N | AI47: N | AK47: N | AL47: VA
A48: I | B48: 7 | C48: - | G48: PM | H48: 1h -FT | I48: N | J48: Abs | K48: - | M48: - | O48: N | Q48: N | S48: N | T48: terr. Arr. | U48: N | V48: distillation | W48: N | Y48: N | Z48: 1h -FT | AA48: N | AC48: N | AE48: N | AF48: Abs | AG48: N | AI48: N | AK48: N
A49: E | B49: 8 | C49: - | G49: PM | H49: distil. | I49: N | J49: Abs | K49: - | M49: - | O49: N | Q49: N | S49: N | T49: terr. Arr. | U49: PM - distil | V49: 3h -FT | W49: N | Y49: N | Z49: 8h -FT | AA49: N | AC49: N | AE49: N | AF49: Abs | AG49: N | AI49: N | AK49: N
A50: R | B50: 9 | C50: 8h-12h | D50: 1h RTT | G50: N | H50: RHS | I50: - | J50: Abs | K50: AM | L50: meunerie | M50: H. flott. | N50: RJF | O50: - | Q50: - | S50: - | U50: - | W50: - | Y50: - | AA50: - | AB50: N | AC50: - | AE50: - | AF50: Abs | AG50: - | AI50: - | AK50: -
B51: 10 | C51: H. flott. | D51: Abs | G51: N | H51: poly-arr | I51: - | J51: Abs | K51: AM | L51: R-CM | M51: H. flott. | N51: Abs | O51: - | Q51: - | S51: - | U51: - | W51: - | Y51: - | AA51: - | AC51: - | AE51: - | AF51: Abs | AG51: - | AI51: - | AK51: -
B52: 11 | C52: 7h-12h | D52: 3h RTT | G52: - | I52: AM | J52: Abs | K52: PM | L52: R-CM | M52: H. flott. | N52: RJF | O52: AM | Q52: AM | S52: AM | U52: AM | V52: gluten | W52: AM | Y52: AM | AA52: AM | AB52: - | AC52: AM | AE52: AM | AF52: Abs | AG52: AM | AH52: 1/2VA | AI52: AM | AJ52: VA | AK52: AM
B53: 12 | C53: H. flott. | D53: Chaudières | G53: - | H53: 3h +FT | I53: AM | J53: Abs | K53: PM | L53: DS | M53: H. flott. | N53: RJF | O53: AM | Q53: AM | S53: AM | U53: AM | V53: gluten | W53: AM | Y53: AM | AA53: AM | AB53: VA | AC53: AM | AE53: AM | AF53: Abs | AG53: AM | AH53: 1/2VA | AI53: AM | AK53: AM
B54: 13 | C54: - | D54: H. flott. | G54: AM | H54: RHS | I54: PM | J54: Abs | K54: N | L54: R-CM | M54: H. flott. | N54: RJF | O54: PM | Q54: PM | S54: PM | T54: 14h-02h | U54: PM | V54: gluten | W54: PM | Y54: PM | Z54: AM | AA54: PM | AC54: PM | AE54: PM | AF54: Abs | AG54: PM | AH54: 2h RTT | AI54: PM | AK54: PM
A55: 2 | B55: 14 | C55: - | G55: AM | I55: PM | J55: Abs | K55: N | L55: R-CM | M55: - | O55: PM | Q55: PM | S55: PM | U55: PM | V55: gluten | W55: PM | Y55: PM | Z55: AM | AA55: PM | AC55: PM | AE55: PM | AF55: Abs | AG55: PM | AI55: PM | AK55: PM
A56: 0 | B56: 15 | C56: - | G56: R-CM | H56: 3h -FT | I56: PM | J56: Abs | K56: N | L56: R-CM | M56: - | O56: PM | P56: VA | Q56: PM | S56: PM | T56: 3h +FT | U56: PM | V56: distillation | W56: PM | Y56: AM | Z56: 2h rhs | AA56: PM | AC56: PM | AD56: AM | AE56: PM | AF56: Abs | AG56: PM | AI56: PM | AK56: PM
A57: 2 | B57: 16 | C57: H. flott. | D57: - | G57: R-CM | H57: 18h-06h | I57: N | J57: Abs | K57: - | L57: 4h +FT | M57: AM | N57: meunerie | O57: N | P57: VA | Q57: 22h-10h | S57: N | T57: 22h-10h | U57: N | V57: 22h-10h | W57: N | Y57: N | AA57: N | AC57: N | AD57: poly. Arr. | AE57: PM | AF57: Abs | AG57: N | AI57: N | AK57: N
A58: 6 | B58: 17 | C58: H. flott. | D58: - | G58: R-CM | H58: 18h-06h | I58: N | J58: Abs | K58: - | M58: AM | N58: meunerie | O58: N | P58: RTT | Q58: N | S58: N | U58: N | V58: - | W58: N | X58: RTT | Y58: N | AA58: N | AC58: N | AD58: poly. Arr. | AE58: D-F | AF58: Abs | AG58: N | AI58: N | AK58: N
B59: 18 | C59: H. flott. | D59: VA | G59: N | H59: R-CM | I59: - | J59: Abs | K59: AM | L59: DS-CE | M59: PM | N59: R-CM | O59: - | Q59: - | S59: - | U59: 7h-12h | V59: DS-CE | W59: - | Y59: - | AA59: - | AC59: - | AE59: - | AF59: Abs | AG59: - | AI59: - | AK59: -
B60: 19 | C60: H. flott. | D60: VA | G60: N | H60: RHS | I60: - | J60: Abs | K60: AM | L60: R | M60: PM | N60: Abs | O60: - | Q60: - | S60: - | U60: - | W60: - | Y60: - | AA60: - | AC60: - | AE60: - | AF60: Abs | AG60: - | AI60: - | AK60: -
B61: 20 | C61: H. flott. | D61: VA | G61: - | I61: AM | J61: Abs | K61: PM | L61: R-CM | M61: N | N61: Abs | O61: AM | P61: RTT | Q61: AM | S61: AM | U61: AM | V61: RHS | W61: AM | X61: F | Y61: AM | Z61: VA | AA61: AM | AC61: AM | AD61: poly. Arr. | AE61: AM | AF61: Abs | AG61: AM | AI61: AM | AJ61: 3h RTT | AK61: AM | AL61: F
B62: 21 | C62: - | D62: SD26 | G62: - | I62: AM | J62: Abs | K62: PM | L62: R-CM | M62: N | N62: Abs | O62: AM | Q62: AM | S62: AM | T62: gluten | U62: AM | V62: distillation | W62: AM | Y62: AM | AA62: AM | AB62: 8h -FT | AC62: AM | AE62: AM | AF62: Abs | AG62: AM | AH62: 8h30-14h | AI62: AM | AK62: AM
B63: 22 | C63: - | D63: - | G63: - | I63: AM | J63: Abs | K63: R-CM | L63: N | M63: N | N63: Abs | O63: AM | Q63: AM | S63: AM | T63: PM | U63: AM | V63: distillation | W63: AM | Y63: AM | Z63: 2h rhs | AA63: AM | AC63: AM | AE63: AM | AF63: Abs | AG63: AM | AH63: 8h-14h | AI63: AM | AK63: AM
B64: 23 | C64: AM | D64: SD26 | G64: 7h-15h | H64: - | I64: PM | J64: Abs | K64: N | L64: 1h rhs | M64: - | N64: Abs | O64: PM | P64: Abs | Q64: PM | S64: N | T64: RTT | U64: PM | V64: distillation | W64: PM | Y64: PM | Z64: RTT | AA64: PM | AC64: PM | AE64: PM | AF64: Abs | AG64: PM | AI64: PM | AK64: PM
B65: 24 | C65: AM | D65: SD26 | G65: 7h-15h | H65: - | I65: PM | J65: Abs | K65: N | L65: RTT | M65: - | N65: Abs | O65: PM | P65: Abs | Q65: PM | S65: N | T65: gluten | U65: PM | V65: distillation | W65: PM | Y65: PM | Z65: RTT | AA65: PM | AC65: PM | AE65: PM | AF65: Abs | AG65: PM | AI65: PM | AK65: PM
B66: 25 | C66: PM | D66: SD26 -F | G66: 7h-15h | H66: SD26 | I66: N | J66: Abs | K66: - | M66: AM | N66: Abs | O66: N | P66: Abs | Q66: N | S66: N | T66: RJF | U66: N | V66: distillation | W66: N | Y66: N | Z66: 1h RTT | AA66: N | AB66: PM | AC66: N | AE66: N | AF66: CP | AG66: N | AI66: N | AK66: N
B67: 26 | C67: PM | D67: F | G67: - | H67: D-F | I67: N | J67: Abs | K67: - | M67: AM | N67: Abs | O67: N | P67: Abs | Q67: N | S67: N | T67: RJF | U67: PM | V67: distillation | W67: N | Y67: N | AA67: PM | AB67: VA | AC67: N | AD67: distillation | AE67: N | AF67: CP | AG67: N | AI67: N | AK67: N
B68: 27 | C68: N | D68: F | G68: - | H68: D-F | I68: - | J68: Abs | K68: AM | L68: 1/2RJF | M68: PM | N68: Abs | O68: - | Q68: - | S68: - | U68: - | W68: - | Y68: - | AA68: - | AC68: - | AE68: - | AF68: Abs | AG68: - | AI68: - | AK68: -
B69: 28 | C69: N | D69: - | G69: - | I69: - | J69: Abs | K69: AM | L69: R-CM | M69: PM | N69: Abs | O69: - | Q69: - | S69: - | U69: - | W69: - | Y69: - | AA69: - | AC69: - | AE69: - | AF69: Abs | AG69: - | AI69: - | AK69: -
B70: 1 | C70: N | D70: - | G70: - | I70: - | J70: Abs | K70: AM | L70: distill. | M70: PM | N70: Abs | O70: - | Q70: - | S70: - | U70: - | W70: - | Y70: - | AA70: - | AC70: - | AE70: - | AF70: Abs | AG70: - | AI70: - | AK70: -
B71: 2 | C71: - | D71: SD26 | G71: 7h-15h | H71: 1h RTT | I71: D | J71: Abs | K71: PM | L71: R-CM | M71: N | N71: Abs | O71: D | P71: VA | Q71: - | S71: - | U71: - | W71: - | Y71: - | AA71: 6h-14h | AB71: VA | AC71: - | AD71: 6h-14h | AE71: - | AF71: Abs | AG71: 7h-15h | AH71: RJF | AI71: - | AK71: 7h-15h
A72: M | B72: 3 | C72: - | D72: SD26 | G72: 7h-15h | H72: 1h RTT | I72: D | J72: Abs | K72: R-CM | L72: 1h +FT | M72: N | N72: Abs | O72: D | P72: VA | Q72: - | S72: - | U72: - | W72: - | Y72: - | AA72: 6h-14h | AB72: VA | AC72: 6h-14h | AD72: R | AE72: - | AF72: Abs | AG72: 7h-15h | AH72: RJF | AI72: - | AK72: D
A73: A | B73: 4 | C73: AM | D73: SD26 | G73: 7h-15h | H73: 2h RTT | I73: D | J73: Abs | K73: N | L73: DTT | M73: - | N73: Abs | O73: D | P73: RTT | Q73: D | S73: D | T73: VA | U73: D | V73: VA | W73: 7h-15h | Y73: D | Z73: CT | AA73: 6h-14h | AB73: VA | AC73: D | AD73: - | AE73: D | AF73: CP | AG73: 7h-15h | AH73: VA | AI73: 7h-15h | AJ73: 3h RTT | AK73: 7h-15h | AL73: 2h RTT
A74: R | B74: 5 | C74: AM | D74: SD26 | G74: 7h-15h | H74: SD26 | I74: - | J74: Abs | K74: N | L74: poly. Arr. | M74: - | O74: - | Q74: D | S74: D | T74: VA | U74: D | V74: VA | W74: 7h-15h | Y74: D | Z74: CT | AA74: - | AC74: 9h-15h | AD74: 2h RTT | AE74: D | AF74: CP | AG74: - | AI74: 7h-15h | AJ74: RTT | AK74: -
A75: S | B75: 6 | C75: PM | D75: 2h RTT | G75: 7h-15h | H75: 3h RTT | I75: - | J75: Abs | K75: - | M75: PM | N75: R-CM | O75: - | Q75: D | S75: D | T75: VA | U75: D | V75: RTT | W75: 7h-15h | X75: 5h RTT | Y75: D | Z75: CT | AA75: - | AC75: - | AD75: - | AE75: D | AF75: CP | AG75: - | AI75: 7h-15h | AJ75: RTT | AK75: -
B76: 7 | C76: PM | G76: - | H76: 2h +FT | I76: - | J76: Abs | K76: - | M76: R-CM | N76: 1h +FT | O76: - | Q76: - | S76: - | U76: - | W76: - | Y76: - | AA76: - | AC76: - | AE76: - | AF76: Abs | AG76: - | AI76: - | AK76: -
B77: 8 | C77: PM | G77: - | H77: 4h +FT | I77: - | J77: Abs | K77: - | M77: PM | N77: R-CM | O77: - | Q77: - | S77: - | U77: - | W77: - | Y77: - | AA77: - | AC77: - | AE77: - | AF77: Abs | AG77: - | AI77: - | AK77: -
A78: 2 | B78: 9 | C78: N | D78: SD26 | G78: AM | H78: R-CM | I78: D | J78: Abs | K78: 6h-17h | M78: PM | N78: terr arr | O78: AM | P78: meunerie | Q78: AM | S78: AM | T78: RJF | U78: AM | V78: 1/2DTT | W78: AM | Y78: AM | Z78: DTT | AA78: AM | AC78: AM | AE78: AM | AF78: Abs | AG78: AM | AI78: AM | AK78: AM
A79: 0 | B79: 10 | C79: N | D79: SD26 | G79: AM | H79: R-CM | I79: D | J79: Abs | K79: 7h-15h | L79: 1h RTT | M79: PM | N79: terr arr | O79: AM | P79: meunerie | Q79: AM | S79: AM | T79: terr. Arr. | U79: AM | W79: AM | Y79: AM | Z79: DTT | AA79: AM | AC79: AM | AE79: AM | AF79: Abs | AG79: AM | AH79: 3h RTT | AI79: AM | AK79: AM
A80: 2 | B80: 11 | C80: - | D80: SD26/ Abs | G80: PM | H80: R-CM | I80: D | J80: Abs | K80: AM | L80: R-CM | M80: N | N80: Abs | O80: PM | P80: meunerie | Q80: PM | S80: PM | T80: terr. Arr. | U80: PM | V80: AM | W80: PM | Y80: PM | Z80: CT | AA80: PM | AC80: PM | AE80: PM | AF80: Abs | AG80: PM | AI80: PM | AK80: PM
A81: 6 | B81: 12 | C81: - | D81: SD26 | G81: PM | H81: R-CM | I81: D | J81: Abs | K81: - | M81: N | N81: Abs | O81: PM | P81: meunerie | Q81: PM | S81: PM | T81: terr. Arr. | U81: PM | V81: AM | W81: PM | Y81: PM | Z81: CT | AA81: PM | AC81: PM | AE81: PM | AF81: Abs | AG81: PM | AH81: N | AI81: PM | AK81: PM
B82: 13 | C82: AM | D82: SD26 | G82: 06h-18h | H82: 2h RTT | I82: D | J82: Abs | K82: - | M82: - | O82: N | Q82: N | S82: N | T82: Meunerie | U82: N | W82: N | Y82: N | Z82: 8h -FT | AA82: N | AB82: AM | AC82: N | AE82: N | AF82: Abs | AG82: N | AI82: N | AK82: N | AL82: VA
B83: 14 | C83: AM | D83: 4h RTT | G83: AM | H83: R-CM | I83: - | J83: Abs | K83: - | L83: 4h +FT | M83: - | O83: N | Q83: N | S83: N | U83: N | V83: 2h -FT | W83: N | Y83: N | Z83: 8h -FT | AA83: N | AB83: AM | AC83: N | AE83: N | AF83: Abs | AG83: N | AI83: N | AK83: N
B84: 15 | C84: AM | D84: 1h RTT | G84: N | H84: PM | I84: - | J84: Abs | K84: - | M84: - | O84: N | P84: - | Q84: N | S84: 22h-10h | T84: 4h +FT | U84: N | W84: N | Y84: N | AA84: N | AB84: PM | AC84: N | AE84: N | AF84: Abs | AG84: N | AI84: N | AK84: N
A85: SHUT-DOWN 2026 | B85: 16 | C85: PM | D85: SD 26 | G85: - | H85: 06h-18h | I85: AM | J85: Abs | K85: 06h-15h | L85: R-CM/VM | M85: H. flott. | N85: CP | O85: - | P85: AM | Q85: - | S85: - | U85: - | W85: - | Y85: - | Z85: VM | AA85: - | AC85: - | AE85: - | AF85: Abs | AG85: - | AI85: - | AK85: -
B86: 17 | C86: PM | D86: SD 26 | G86: - | H86: 06h-17h | I86: AM | J86: Abs | K86: AM | L86: R-CM | M86: H. flott. | N86: CP | O86: - | Q86: - | S86: - | U86: - | W86: - | Y86: - | AA86: - | AC86: - | AE86: - | AF86: Abs | AG86: - | AI86: - | AK86: -
B87: 18 | C87: N | D87: SD 26 | G87: AM | H87: SD26 | I87: PM | J87: Abs | K87: AM | L87: R-CM | M87: H. flott. | N87: CP | O87: AM | Q87: AM | S87: AM | U87: AM | V87: 2h RTT | W87: AM | Y87: AM | AA87: AM | AC87: AM | AE87: AM | AF87: Abs | AG87: AM | AH87: 1/2VA | AI87: AM | AK87: AM
B88: 19 | C88: N | D88: SD 26 | G88: AM | H88: VA | I88: PM | J88: Abs | K88: AM | L88: R-CM | M88: - | O88: AM | Q88: AM | S88: AM | T88: 19h-6h | U88: AM | W88: AM | X88: 1h RTT | Y88: AM | AA88: AM | AC88: 06h-18h | AD88: 4h +FT | AE88: AM | AF88: Abs | AG88: AM | AI88: AM | AJ88: RJF | AK88: AM
B89: 20 | C89: - | D89: SD 26 | G89: R-CM | H89: 1/2VA | I89: N | J89: Abs | K89: 06h-18h | L89: R-CM | M89: - | O89: PM | Q89: 06h-18h | S89: PM | T89: N | U89: PM | V89: 6h-18h | W89: PM | X89: RTT | Y89: PM | Z89: AM | AA89: PM | AC89: 10h-18h | AD89: 4h +FT | AE89: PM | AF89: Abs | AG89: PM | AI89: PM | AK89: PM
B90: 21 | C90: - | D90: SD 26 | G90: PM | H90: 6h-18 | I90: N | J90: Abs | K90: - | L90: 6h-18h | M90: - | O90: PM | Q90: PM | S90: PM | T90: N | U90: PM | W90: PM | Y90: PM | Z90: AM | AA90: PM | AC90: PM | AE90: PM | AF90: Abs | AG90: PM | AH90: 18h-06h | AI90: PM | AK90: PM
B91: 22 | C91: - | G91: PM | H91: 6h-18 | I91: N | J91: Abs | K91: - | L91: AM | M91: - | O91: PM | Q91: PM | S91: PM | T91: 18h-2h | U91: PM | W91: PM | Y91: AM | Z91: 1h RTT | AA91: PM | AC91: PM | AE91: PM | AF91: Abs | AG91: PM | AH91: 18h-06h | AI91: PM | AK91: PM | AL91: AM
B92: 23 | C92: H. flott. | D92: SD 26 | G92: 06h-15h | H92: 1h +FT | I92: - | J92: Abs | K92: AM | L92: R-CM | M92: H. flott. | N92: Abs | O92: N | P92: E. min SD26 | Q92: N | S92: PM | T92: 1/2VA | U92: N | V92: PM | W92: N | X92: AM | Y92: N | Z92: AM | AA92: N | AB92: PM | AC92: N | AD92: AM | AE92: PM | AF92: Abs | AG92: PM | AH92: 16h-22h | AI92: N | AJ92: PM | AK92: N | AL92: PM
B93: 24 | C93: H. flott. | D93: SD 26 | G93: N | H93: 1h +FT | I93: - | J93: Abs | K93: AM | L93: R-CM | M93: H. flott. | N93: Abs | O93: N | P93: E. min SD26 | Q93: N | S93: PM | T93: 1/2VA | U93: N | V93: PM | W93: N | X93: AM | Y93: N | Z93: AM | AA93: N | AB93: PM | AC93: N | AD93: AM | AE93: PM | AF93: Abs | AG93: N | AH93: PM | AI93: N | AJ93: PM | AK93: N | AL93: PM
B94: 25 | C94: H. flott. | D94: 2,5h RHS | G94: 06h-15h | H94: 1h +FT | I94: AM | J94: Abs | K94: PM | L94: R-CM | M94: H. flott. | N94: Abs | O94: - | Q94: - | S94: - | U94: - | W94: - | Y94: - | AA94: - | AC94: - | AE94: - | AF94: Abs | AG94: - | AI94: - | AK94: -
B95: 26 | C95: SD 26 | D95: 8h +FT | G95: SD26 | H95: 8h +FT | I95: AM | J95: Abs | K95: PM | L95: R-CM | M95: AM | N95: R-CM | O95: - | Q95: - | S95: - | U95: - | W95: - | Y95: - | AA95: - | AC95: - | AE95: - | AF95: Abs | AG95: - | AI95: - | AK95: -
B96: 27 | C96: - | D96: SD 26 | G96: AM | H96: VA | I96: PM | J96: Abs | K96: N | L96: R-CM | M96: PM | N96: R-CM | O96: AM | Q96: AM | S96: AM | U96: AM | W96: AM | Y96: AM | Z96: VA | AA96: AM | AC96: AM | AE96: AM | AF96: Abs | AG96: AM | AH96: 6h rhs | AI96: AM | AJ96: VA | AK96: AM
B97: 28 | C97: - | D97: SD 26 | G97: AM | H97: SD26 | I97: PM | J97: Abs | K97: 18h-6h | L97: R-CM | M97: - | O97: AM | Q97: AM | S97: AM | U97: AM | V97: Abs | W97: AM | Y97: AM | AA97: AM | AC97: AM | AE97: AM | AF97: Abs | AG97: AM | AH97: 1/2DTT | AI97: AM | AK97: AM
B98: 29 | C98: - | D98: 3h +FT | G98: AM | H98: 3h -FT | I98: PM | J98: Abs | K98: 18h-6h | L98: R-CM | M98: - | O98: AM | Q98: AM | S98: AM | U98: AM | V98: Abs | W98: AM | Y98: AM | Z98: 1/2DTT | AA98: AM | AC98: AM | AD98: 3h -FT | AE98: AM | AF98: Abs | AG98: AM | AH98: 1/2DTT | AI98: AM | AK98: AM
B99: 30 | C99: H. flott. | D99: SD 26 | G99: PM | H99: SD26 | I99: N | J99: Abs | K99: - | M99: PM | N99: R-CM | O99: PM | Q99: PM | S99: PM | U99: PM | V99: F | W99: PM | X99: AM | Y99: PM | Z99: RTT | AA99: PM | AC99: PM | AE99: PM | AF99: Abs | AG99: PM | AI99: PM | AK99: PM
B100: 31 | C100: H. flott. | D100: SD 26 | G100: PM | H100: SD26 | I100: N | J100: Abs | K100: - | M100: PM | N100: R-CM | O100: PM | P100: RTT | Q100: PM | S100: PM | U100: PM | V100: F | W100: PM | X100: AM | Y100: PM | Z100: RTT | AA100: PM | AC100: PM | AD100: Abs | AE100: PM | AF100: Abs | AG100: PM | AI100: PM | AK100: PM
B101: 1 | C101: SD 26 | D101: 3h +FT | G101: N | H101: 4h +FT | I101: - | J101: Abs | K101: AM | L101: rhs | M101: PM | N101: R-CM | O101: N | P101: E. min SD26 | Q101: N | S101: N | T101: PM | U101: PM | V101: F | W101: AM | X101: 2h RTT | Y101: N | Z101: CT | AA101: N | AB101: AM | AC101: N | AD101: AM | AE101: PM | AF101: CP | AG101: PM | AH101: 1h RTT | AI101: N | AJ101: PM | AK101: N | AL101: PM
A102: A | B102: 2 | C102: SD 26 | D102: 3h +FT | G102: N | H102: 1h +FT | I102: - | J102: Abs | K102: AM | L102: rhs | M102: PM | N102: R-CM | O102: N | P102: E. min SD26 | Q102: N | S102: N | T102: PM | U102: PM | V102: Abs | W102: PM | Y102: N | Z102: CT | AA102: N | AB102: AM | AC102: N | AD102: AM | AE102: PM | AF102: CP | AG102: PM | AH102: DTT | AI102: PM | AJ102: 2h RTT | AK102: PM | AL102: 2h RTT
...

Sheet Shift5
A1: SHIFT 5 | O1: Date de dernière mise à jour
O2: =Shift1!O2 -> 46295.595
O4: VA | P4: Vacances annuelles | U4: xxx | V4: Congé accordé sous restriction - Rappelable | AB4: CP | AC4: Congé Parental
O5: RTT | P5: Récup. temps de travail | U5: R | V5: Remplacement | AB5: CSS | AC5: Congé sans solde
O6: RHS | P6: Récup. heures supplémentaires | U6: Abs, | V6: Absence - Maladie | AB6: R-CM | AC6: Remplacement Contremaître
O7: RJF | P7: Récup. Jour férié | U7: DS | V7: Délégation syndicale
C9: Adjoints Contremaître | O9: Polyvalent | Q9: Fermentation | S9: Distillation | U9: Renfort arrière | W9: Renfort arrière | Y9: Meunerie | AA9: Gluten | AC9: Polyvalent | AE9: Polyvalent | AG9: Chaudières
C10: VGG | G10: JBI | I10: YBT | K10: ATR | M10: FPA | Q10: CHD | S10: SMA | U10: AAI | W10: LHS | Y10: CDE | AA10: SLT | AC10: GBT | AE10: PLZ | AG10: RCO | AI10: SPS | AK10: LDY
B11: 1 | C11: - | G11: - | I11: AM | J11: Abs | K11: PM | L11: 8h -FT | M11: H. flott. | N11: 8h -FT | Q11: PM | S11: 6h-14h | T11: TP | U11: 6h-14h | V11: 8h -FT | W11: N | X11: VA | Y11: AM | Z11: PM | AA11: - | AC11: D | AD11: CP | AE11: 7h-15h | AF11: - | AG11: D | AH11: CP | AI11: 7h-15h | AJ11: RJF | AK11: AM | AL11: 8h -FT
B12: 2 | C12: H. flott | D12: RTT | G12: AM | H12: RHS | I12: PM | J12: Abs | K12: N | L12: R-CM | M12: H. flott. | N12: 4h RTT- | Q12: N | S12: 6h-14h | T12: RTT | U12: 6h-14h | V12: RTT | W12: - | Y12: PM | AA12: - | AC12: D | AD12: VA | AE12: 7h-15h | AF12: - | AG12: D | AH12: RTT- | AI12: 7h-15h | AJ12: VA | AK12: D | AL12: RTT-
A13: J | B13: 3 | C13: - | G13: AM | I13: PM | J13: Abs | K13: N | L13: R-CM | M13: - | N13: 4h RTT | Q13: N | S13: - | U13: - | W13: - | Y13: PM | AA13: - | AC13: - | AE13: - | AG13: - | AI13: - | AK13: -
A14: A | B14: 4 | C14: - | G14: AM | H14: poly. Arr. | I14: PM | J14: Abs | K14: N | L14: R-CM | M14: - | Q14: N | S14: - | U14: - | W14: - | Y14: PM | AA14: - | AC14: - | AE14: - | AG14: - | AI14: - | AK14: -
A15: N | B15: 5 | C15: H. flott. | G15: PM | H15: RTT - | I15: N | J15: Abs | K15: - | M15: AM | N15: R-CM | Q15: 7h-15h | S15: AM | T15: VA | U15: AM | W15: 6h-14h | X15: RJF | Y15: N | Z15: RTT- | AA15: AM | AC15: AM | AD15: 2h RTT- | AE15: AM | AG15: AM | AH15: RTT- | AI15: AM | AK15: AM
A16: V | B16: 6 | C16: H. flott. | D16: 1h RHS | G16: PM | H16: poly. Arr. | I16: N | J16: Abs | K16: - | M16: AM | N16: R-CM | Q16: 7h-15h | S16: AM | T16: VA | U16: AM | W16: 6h-14h | X16: VA | Y16: N | Z16: 4h RTT- | AA16: AM | AC16: AM | AE16: AM | AF16: Abs | AG16: AM | AH16: RTT- | AI16: AM | AK16: AM | AL16: PM
A17: I | B17: 7 | C17: H. flott. | D17: R-CM | G17: N | H17: R-CM | I17: - | J17: Abs | K17: R-CM | L17: 2h RTT- | M17: PM | N17: R-CM | Q17: AM | S17: AM | T17: 1/2VA | U17: PM | W17: 6h-14h | X17: VA | Y17: - | Z17: 4h RTT | AA17: PM | AC17: PM | AE17: PM | AF17: Abs | AG17: PM | AH17: RTT- | AI17: distill. | AJ17: 1/2VA | AK17: PM
A18: E | B18: 8 | C18: H. flott. | D18: R-CM | G18: N | H18: R-CM | I18: - | J18: Abs | K18: AM | L18: VA | M18: PM | N18: R-CM | Q18: AM | S18: PM | T18: 1/2VA | U18: PM | V18: R | W18: - | Y18: - | AA18: PM | AC18: PM | AE18: PM | AF18: Abs | AG18: PM | AH18: RTT- | AI18: PM | AK18: PM | AL18: meunerie
A19: R | B19: 9 | C19: H. flott. | D19: RJF | G19: - | I19: AM | J19: Abs | K19: PM | L19: R-CM | M19: N | N19: R-CM | Q19: PM | S19: N | T19: terr. Arr. | U19: N | W19: - | Y19: AM | AA19: N | AC19: N | AE19: N | AF19: Abs | AG19: N | AI19: N | AJ19: distill. | AK19: N | AL19: meunerie
B20: 10 | C20: - | G20: - | H20: 4h +FT | I20: AM | J20: Abs | K20: PM | L20: R-CM | M20: N | N20: R-CM | Q20: PM | R20: VA | S20: N | U20: N | W20: - | Y20: AM | Z20: R | AA20: N | AC20: N | AD20: VA | AE20: N | AF20: Abs | AG20: N | AI20: N | AK20: N | AL20: meunerie
B21: 11 | C21: - | G21: - | I21: AM | J21: Abs | K21: PM | L21: R-CM | M21: N | N21: R-CM | Q21: PM | S21: N | T21: Abs | U21: N | W21: - | Y21: AM | AA21: N | AC21: N | AE21: N | AF21: Abs | AG21: N | AI21: N | AJ21: distill. | AK21: N | AL21: meunerie
B22: 12 | C22: AM | D22: poly-arr | G22: AM | H22: R-CM | I22: PM | J22: Abs | K22: N | M22: - | Q22: N | R22: D | S22: - | T22: Abs | U22: - | W22: AM | X22: 7h RTT | Y22: PM | Z22: 2h RTT | AA22: - | AB22: N | AC22: - | AD22: N | AE22: - | AG22: - | AI22: - | AK22: -
B23: 13 | C23: AM | D23: Abs | G23: 7h-15h | H23: 1h rhs | I23: PM | J23: Abs | K23: N | L23: R-CM | M23: - | N23: 2h +FT | Q23: N | S23: - | T23: Abs | U23: - | W23: AM | Y23: PM | Z23: poly. Arr. | AA23: - | AC23: - | AE23: - | AG23: - | AI23: - | AK23: -
A24: 2 | B24: 14 | C24: PM | D24: Abs | G24: 14h-01h | H24: R-CM | I24: PM | J24: Abs | K24: - | M24: AM | N24: R-CM | Q24: - | S24: AM | T24: Abs | U24: AM | W24: PM | X24: 2h RTT | Y24: PM | Z24: F | AA24: AM | AC24: AM | AE24: F | AF24: 2h +FT | AG24: F | AH24: 2h +FT | AI24: AM | AJ24: distill. | AK24: AM | AL24: meunerie
A25: 0 | B25: 15 | C25: PM | D25: Abs | G25: PM | H25: R-CM | I25: N | J25: Abs | K25: - | M25: AM | N25: R-CM | Q25: - | S25: PM | T25: Abs | U25: AM | W25: PM | X25: D-F | Y25: 18h-06h | Z25: 4h +FT | AA25: AM | AC25: AM | AE25: 6h-18h | AF25: 4h +FT | AG25: AM | AI25: AM | AK25: AM | AL25: meunerie
A26: 2 | B26: 16 | C26: N | D26: Abs | G26: - | H26: 3h +FT | I26: - | J26: Abs | K26: AM | L26: R-CM | M26: PM | N26: R-CM | Q26: AM | S26: PM | T26: Abs | U26: PM | W26: N | Y26: - | AA26: PM | AC26: PM | AE26: PM | AG26: PM | AI26: PM | AK26: 6h-18h | AL26: meunerie
A27: 6 | B27: 17 | C27: N | D27: Abs | G27: - | H27: 18h-22h | I27: - | J27: Abs | K27: AM | L27: R-CM | M27: PM | N27: 8h -FT | Q27: AM | S27: PM | T27: Abs | U27: PM | W27: N | X27: 1/2VA | Y27: - | AA27: PM | AB27: RHS | AC27: PM | AE27: PM | AG27: PM | AI27: PM | AJ27: distill. | AK27: PM | AL27: meunerie
B28: 18 | C28: N | D28: Abs | G28: - | I28: - | J28: Abs | K28: AM | L28: R-CM | M28: PM | N28: Abs | Q28: AM | S28: PM | T28: Abs | U28: PM | W28: N | X28: VA | Y28: - | AA28: PM | AC28: PM | AE28: PM | AG28: PM | AI28: PM | AJ28: distill. | AK28: PM
B29: 19 | C29: - | G29: AM | H29: R-CM | I29: D | J29: Abs | K29: PM | M29: N | N29: Abs | Q29: PM | S29: N | T29: Abs | U29: N | W29: - | Y29: D | AA29: N | AB29: AM | AC29: N | AE29: N | AF29: Ferm. Liq. | AG29: N | AI29: N | AJ29: distill. | AK29: N | AL29: meunerie
B30: 20 | C30: - | G30: AM | H30: R-CM | I30: D | J30: Abs | K30: PM | L30: meunerie | M30: N | N30: Abs | Q30: PM | R30: D-F | S30: N | T30: Abs | U30: N | V30: distillation | W30: - | Y30: D | Z30: AM | AA30: N | AB30: AM | AC30: N | AE30: N | AF30: Ferm. Liq. | AG30: N | AI30: N | AJ30: VA | AK30: N | AL30: meunerie
B31: 21 | C31: AM | D31: R-CM | G31: 7h-15h | H31: F | I31: D | J31: Abs | K31: N | L31: DS-CE | M31: N | N31: Abs | Q31: N | S31: - | T31: Abs | U31: - | W31: AM | Y31: D | Z31: PM | AA31: - | AC31: - | AE31: - | AG31: - | AI31: PM | AJ31: chaudières | AK31: -
B32: 22 | C32: PM | D32: R-CM | G32: 7h-15h | H32: 3h rhs | I32: - | J32: Abs | K32: AM | L32: R-CM | M32: - | N32: Abs | Q32: N | S32: - | T32: Abs | U32: - | W32: AM | Y32: - | AA32: - | AC32: - | AE32: - | AG32: - | AI32: - | AK32: -
B33: 23 | C33: PM | D33: VA | G33: 7h-15h | H33: F | I33: - | J33: Abs | K33: - | M33: AM | N33: Abs | Q33: - | S33: AM | T33: Abs | U33: AM | W33: PM | X33: R | Y33: - | AA33: AM | AC33: AM | AD33: 4h rhs | AE33: AM | AG33: AM | AI33: AM | AJ33: distill. | AK33: AM | AL33: meunerie
B34: 24 | C34: PM | D34: VA | G34: - | I34: - | J34: Abs | K34: - | L34: 2h RTT | M34: AM | N34: Abs | Q34: - | S34: AM | T34: Abs | U34: AM | W34: PM | Y34: - | AA34: AM | AC34: AM | AD34: 4h rhs | AE34: AM | AG34: AM | AI34: AM | AJ34: 2h RTT | AK34: AM | AL34: meunerie
B35: 25 | C35: PM | D35: VA | G35: - | I35: - | J35: Abs | K35: - | M35: PM | N35: Abs | Q35: - | S35: AM | T35: Abs | U35: AM | W35: PM | X35: VA | Y35: - | AA35: AM | AC35: AM | AD35: 4h rhs | AE35: AM | AG35: 06-18h | AH35: 4h +FT | AI35: AM | AJ35: RJF | AK35: AM | AL35: meunerie
B36: 26 | C36: N | D36: R-CM | G36: AM | H36: poly. Arr. | I36: D | J36: Abs | K36: 7h-15h | L36: F | M36: PM | N36: Abs | Q36: 6h-14h | R36: F | S36: PM | T36: Abs | U36: PM | V36: distillation | W36: N | X36: Abs | Y36: 06h-18h | Z36: 4h +FT | AA36: PM | AB36: AM | AC36: PM | AE36: PM | AF36: meunerie | AG36: PM | AI36: chaudières | AJ36: 1h +FT | AK36: PM | AL36: F
B37: 27 | C37: N | D37: 4h RTT | G37: AM | H37: RHS | I37: D | J37: Abs | K37: 7h-15h | L37: F | M37: PM | N37: Abs | Q37: 6h-14h | R37: F | S37: PM | T37: terr. Arr. | U37: PM | V37: distillation | W37: N | X37: - | Y37: AM | Z37: poly. Arr. | AA37: PM | AB37: AM | AC37: PM | AE37: PM | AF37: meunerie | AG37: PM | AI37: PM | AJ37: chaudières | AK37: PM | AL37: F
B38: 28 | C38: - | G38: PM | H38: RHS | I38: D | J38: Abs | K38: 7h-15h | L38: R | M38: N | N38: Abs | Q38: 6h-14h | R38: F | S38: N | T38: Abs | U38: N | V38: distillation | W38: - | X38: PM | Y38: PM | AA38: N | AB38: AM | AC38: N | AE38: N | AF38: meunerie | AG38: N | AI38: N | AJ38: 14h-23h | AK38: N | AL38: F
B39: 29 | C39: - | G39: PM | H39: VA | I39: D | J39: Abs | K39: - | M39: N | N39: Abs | Q39: - | S39: N | T39: Abs | U39: N | V39: Abs | W39: - | Y39: PM | Z39: chaudière | AA39: N | AB39: AM | AC39: N | AE39: N | AF39: poly. Arr. | AG39: N | AI39: N | AK39: N | AL39: N
B40: 30 | C40: AM | D40: Abs | G40: 18h-06h | H40: R-CM | I40: D | J40: Abs | K40: - | M40: - | N40: Abs | Q40: - | S40: - | U40: - | W40: AM | Y40: N | Z40: 4h RTT | AA40: - | AC40: - | AE40: - | AG40: - | AI40: - | AK40: -
B41: 31 | C41: R-CM | D41: 06h-16h | G41: N | H41: 19h-22h | I41: - | J41: Abs | K41: - | M41: - | N41: Abs | Q41: - | S41: - | U41: - | W41: AM | X41: R | Y41: N | Z41: 8h -FT | AA41: - | AC41: - | AE41: - | AG41: - | AI41: - | AK41: -
B42: 1 | C42: AM | D42: R-CM | G42: N | H42: poly-arr | I42: - | J42: Abs | K42: - | M42: - | N42: Abs | Q42: - | S42: - | U42: - | W42: AM | X42: R | Y42: N | Z42: 8h -FT | AA42: - | AC42: - | AE42: - | AG42: - | AI42: - | AK42: -
B43: 2 | C43: PM | D43: poly. Arr. | G43: - | H43: 4h +FT | I43: AM | J43: Abs | K43: 7h-15h | L43: R | M43: H. flott. | N43: CP | Q43: AM | S43: 6h-14h | T43: TP | U43: 6h-14h | V43: - | W43: PM | Y43: - | Z43: 8h +FT | AA43: - | AC43: - | AE43: 7h-15h | AF43: 10h-16h | AG43: D | AH43: CP | AI43: 7h-15h | AJ43: 1h -FT | AK43: -
A44: F | B44: 3 | C44: PM | D44: poly. Arr. | G44: - | I44: AM | J44: Abs | K44: 7h-15h | L44: F | M44: H. flott. | N44: CP | Q44: AM | R44: F | S44: 6h-14h | T44: TP | U44: 6h-14h | V44: 7h-15h | W44: PM | X44: F | Y44: - | Z44: 8h +FT | AA44: - | AC44: - | AE44: 7h-15h | AF44: 6h-12h | AG44: D | AH44: CP | AI44: 7h-15h | AJ44: VA | AK44: -
A45: E | B45: 4 | C45: PM | D45: poly. Arr. | G45: AM | H45: R | I45: PM | J45: Abs | K45: 7h-15h | L45: R | M45: H. flott. | N45: CP | Q45: PM | R45: F | S45: 6h-14h | T45: TP | U45: 7h-15h | V45: VA | W45: N | X45: Abs | Y45: AM | AA45: 6h-14h | AB45: CP | AC45: D | AD45: CP | AE45: 7h-15h | AF45: 6h-13h | AG45: D | AH45: CP | AI45: 7h-15h | AJ45: VA | AK45: D | AL45: RJF
A46: V | B46: 5 | C46: PM - poly. Arr. | D46: 2h +FT | G46: AM | H46: RHS | I46: PM | J46: Abs | K46: 7h-15h | L46: 4h RTT | M46: - | Q46: PM | S46: - | U46: 7h-15h | V46: VA | W46: N | X46: Abs | Y46: AM | AA46: 6h-14h | AB46: CP | AC46: D | AD46: CP | AE46: - | AG46: - | AI46: - | AJ46: 2h RTT | AK46: D | AL46: RHS
A47: R | B47: 6 | C47: - | G47: PM | H47: RHS | I47: N | J47: Abs | K47: 7h-15h | M47: - | Q47: N | S47: - | U47: - | W47: - | X47: Abs | Y47: PM | Z47: N | AA47: 6h-14h | AB47: CP | AC47: D | AD47: CP | AE47: - | AG47: - | AI47: - | AK47: D | AL47: VA
A48: I | B48: 7 | C48: - | G48: PM | H48: 1h -FT | I48: N | J48: Abs | K48: - | M48: - | Q48: N | S48: - | U48: - | W48: - | X48: Abs | Y48: PM | Z48: 1h +FT | AA48: - | AC48: - | AE48: - | AG48: - | AI48: - | AK48: -
A49: E | B49: 8 | C49: - | G49: PM | H49: distil. | I49: N | J49: Abs | K49: - | M49: - | Q49: N | S49: - | U49: - | W49: - | X49: Abs | Y49: PM | AA49: - | AC49: - | AE49: - | AG49: - | AI49: - | AK49: -
A50: R | B50: 9 | C50: 8h-12h | D50: 1h RTT | G50: N | H50: RHS | I50: - | J50: Abs | K50: AM | L50: meunerie | M50: H. flott. | N50: RJF | Q50: - | S50: Ferm. Liq | T50: 1/2VA | U50: AM | W50: - | X50: Abs | Y50: AM | AA50: AM | AC50: AM | AE50: AM | AG50: AM | AI50: AM | AJ50: distill. | AK50: AM
B51: 10 | C51: H. flott. | D51: Abs | G51: N | H51: poly-arr | I51: - | J51: Abs | K51: AM | L51: R-CM | M51: H. flott. | N51: Abs | Q51: - | S51: AM | T51: VA | U51: AM | V51: distillation | W51: - | X51: Abs | Y51: AM | Z51: - | AA51: AM | AC51: AM | AE51: AM | AF51: 1h -FT | AG51: AM | AH51: Abs | AI51: AM | AJ51: chaudières | AK51: AM
B52: 11 | C52: 7h-12h | D52: 3h RTT | G52: - | I52: AM | J52: Abs | K52: PM | L52: R-CM | M52: H. flott. | N52: RJF | Q52: AM | R52: R | S52: PM | T52: 1/2VA | U52: PM | W52: 6h-14h | X52: Abs | Y52: PM | AA52: PM | AC52: PM | AE52: PM | AG52: PM | AI52: PM | AK52: PM
B53: 12 | C53: H. flott. | D53: Chaudières | G53: - | H53: 3h +FT | I53: AM | J53: Abs | K53: PM | L53: DS | M53: H. flott. | N53: RJF | Q53: AM | S53: PM | T53: RJF | U53: PM | V53: distillation | W53: 6h-14h | X53: Abs | Y53: PM | Z53: 1h +FT | AA53: PM | AC53: PM | AE53: PM | AG53: PM | AI53: PM | AJ53: Abs | AK53: PM
B54: 13 | C54: - | D54: H. flott. | G54: AM | H54: RHS | I54: PM | J54: Abs | K54: N | L54: R-CM | M54: H. flott. | N54: RJF | Q54: PM | S54: N | T54: terr. Arr. | U54: N | V54: distillation | W54: 6h-14h | X54: Abs | Y54: N | AA54: N | AC54: N | AE54: N | AG54: N | AI54: N | AJ54: Abs | AK54: N | AL54: VA
A55: 2 | B55: 14 | C55: - | G55: AM | I55: PM | J55: Abs | K55: N | L55: R-CM | M55: - | Q55: PM | R55: VA | S55: N | T55: Abs | U55: N | V55: distillation | W55: - | Y55: N | AA55: N | AB55: VA | AC55: N | AE55: N | AG55: N | AH55: 22h-10h | AI55: N | AJ55: Abs | AK55: N | AL55: 22h-10h
A56: 0 | B56: 15 | C56: - | G56: R-CM | H56: 3h -FT | I56: PM | J56: Abs | K56: N | L56: R-CM | M56: - | Q56: PM | S56: N | U56: N | W56: - | Y56: N | AA56: N | AB56: 8h -FT | AC56: N | AE56: N | AG56: N | AI56: N | AJ56: Abs | AK56: N
A57: 2 | B57: 16 | C57: H. flott. | D57: - | G57: R-CM | H57: 18h-06h | I57: N | J57: Abs | K57: - | L57: 4h +FT | M57: AM | N57: meunerie | Q57: 22h-10h | R57: 4h +FT | S57: - | U57: - | W57: AM | X57: Abs | Y57: - | AA57: - | AC57: - | AE57: - | AG57: - | AI57: - | AK57: -
A58: 6 | B58: 17 | C58: H. flott. | D58: - | G58: R-CM | H58: 18h-06h | I58: N | J58: Abs | K58: - | M58: AM | N58: meunerie | Q58: N | S58: - | U58: - | W58: AM | X58: Abs | Y58: - | Z58: D-F | AA58: - | AC58: - | AE58: - | AG58: - | AI58: - | AK58: -
B59: 18 | C59: H. flott. | D59: VA | G59: N | H59: R-CM | I59: - | J59: Abs | K59: AM | L59: DS-CE | M59: PM | N59: R-CM | Q59: - | S59: AM | T59: 1/2VA | U59: AM | V59: distillation | W59: PM | X59: Abs | Y59: AM | Z59: - | AA59: AM | AC59: AM | AE59: AM | AF59: meunerie | AG59: AM | AI59: AM | AK59: AM
B60: 19 | C60: H. flott. | D60: VA | G60: N | H60: RHS | I60: - | J60: Abs | K60: AM | L60: R | M60: PM | N60: Abs | Q60: - | S60: AM | T60: PM | U60: AM | W60: PM | X60: Abs | Y60: AM | AA60: AM | AC60: AM | AE60: AM | AG60: AM | AI60: AM | AK60: AM
B61: 20 | C61: H. flott. | D61: VA | G61: - | I61: AM | J61: Abs | K61: PM | L61: R-CM | M61: N | N61: Abs | Q61: AM | S61: PM | T61: RTT | U61: PM | W61: N | X61: Abs | Y61: PM | Z61: ferm. Liqu. | AA61: PM | AC61: PM | AE61: PM | AF61: AM | AG61: PM | AH61: 4,5 rhs | AI61: PM | AK61: PM | AL61: meunerie
B62: 21 | C62: - | D62: SD26 | G62: - | I62: AM | J62: Abs | K62: PM | L62: R-CM | M62: N | N62: Abs | Q62: AM | S62: PM | U62: PM | W62: N | X62: Abs | Y62: PM | AA62: PM | AC62: PM | AE62: PM | AG62: PM | AH62: VA | AI62: PM | AJ62: RHS | AK62: PM
B63: 22 | C63: - | D63: - | G63: - | I63: AM | J63: Abs | K63: R-CM | L63: N | M63: N | N63: Abs | Q63: AM | R63: R | S63: PM | U63: PM | W63: N | X63: Abs | Y63: PM | AA63: PM | AC63: PM | AE63: AM | AF63: meunerie | AG63: PM | AI63: PM | AK63: PM
B64: 23 | C64: AM | D64: SD26 | G64: 7h-15h | H64: - | I64: PM | J64: Abs | K64: N | L64: 1h rhs | M64: - | N64: Abs | Q64: PM | R64: R | S64: N | T64: terr. Arr. | U64: N | V64: 10h-18h | W64: - | X64: Abs | Y64: N | AA64: AM | AB64: 1,5 rhs | AC64: N | AE64: PM | AF64: meunerie | AG64: N | AI64: N | AJ64: distill. | AK64: N
B65: 24 | C65: AM | D65: SD26 | G65: 7h-15h | H65: - | I65: PM | J65: Abs | K65: N | L65: RTT | M65: - | N65: Abs | Q65: PM | R65: R | S65: 18h-06h | T65: terr. Arr. | U65: N | V65: 10h-18h | W65: - | X65: Abs | Y65: N | Z65: - | AA65: AM | AB65: RTT | AC65: N | AE65: PM | AF65: poly. Arr./meunerie | AG65: N | AI65: N | AJ65: distill. | AK65: N | AL65: meunerie
B66: 25 | C66: PM | D66: SD26 -F | G66: 7h-15h | H66: SD26 | I66: N | J66: Abs | K66: - | M66: AM | N66: Abs | Q66: N | R66: R | S66: - | U66: - | V66: 11h-19h | W66: AM | X66: Abs | Y66: - | AA66: - | AC66: - | AE66: - | AG66: - | AI66: - | AK66: -
B67: 26 | C67: PM | D67: F | G67: - | H67: D-F | I67: N | J67: Abs | K67: - | M67: AM | N67: Abs | Q67: N | R67: R | S67: - | U67: - | V67: 10h-18h | W67: AM | X67: Abs | Y67: - | AA67: - | AC67: - | AE67: - | AG67: - | AI67: - | AK67: -
B68: 27 | C68: N | D68: F | G68: - | H68: D-F | I68: - | J68: Abs | K68: AM | L68: 1/2RJF | M68: PM | N68: Abs | Q68: - | S68: AM | T68: 1/2VA | U68: AM | W68: PM | X68: Abs | Y68: AM | AA68: AM | AC68: AM | AE68: AM | AG68: AM | AI68: AM | AJ68: distill. | AK68: AM | AL68: 4h rhs
B69: 28 | C69: N | D69: - | G69: - | I69: - | J69: Abs | K69: AM | L69: R-CM | M69: PM | N69: Abs | Q69: - | S69: AM | U69: AM | V69: 4h -FT | W69: PM | X69: Abs | Y69: AM | AA69: AM | AC69: AM | AD69: 2h RTT | AE69: AM | AG69: AM | AI69: AM | AJ69: VA | AK69: AM
B70: 1 | C70: N | D70: - | G70: - | I70: - | J70: Abs | K70: AM | L70: distill. | M70: PM | N70: Abs | Q70: - | S70: PM | T70: terr. Arr. | U70: AM | W70: PM | X70: Abs | Y70: AM | AA70: AM | AC70: AM | AE70: AM | AG70: AM | AI70: AM | AJ70: RJF | AK70: AM
B71: 2 | C71: - | D71: SD26 | G71: 7h-15h | H71: 1h RTT | I71: D | J71: Abs | K71: PM | L71: R-CM | M71: N | N71: Abs | Q71: - | S71: PM | T71: Abs | U71: PM | W71: N | X71: Abs | Y71: PM | AA71: PM | AB71: 4h RTT | AC71: PM | AD71: 2h RTT | AE71: PM | AG71: PM | AI71: PM | AJ71: chaudières | AK71: PM
A72: M | B72: 3 | C72: - | D72: SD26 | G72: 7h-15h | H72: 1h RTT | I72: D | J72: Abs | K72: R-CM | L72: 1h +FT | M72: N | N72: Abs | Q72: - | S72: PM | T72: Abs | U72: PM | W72: N | X72: Abs | Y72: PM | AA72: PM | AB72: VA | AC72: PM | AE72: PM | AG72: PM | AI72: PM | AJ72: chaudières | AK72: PM
A73: A | B73: 4 | C73: AM | D73: SD26 | G73: 7h-15h | H73: 2h RTT | I73: D | J73: Abs | K73: N | L73: DTT | M73: - | N73: Abs | Q73: D | R73: RJF | S73: N | T73: Abs | U73: N | V73: 10h-18h | W73: - | X73: Abs | Y73: N | AA73: N | AB73: AM | AC73: N | AE73: AM | AF73: distillation | AG73: N | AI73: N | AJ73: chaudières | AK73: N
A74: R | B74: 5 | C74: AM | D74: SD26 | G74: 7h-15h | H74: SD26 | I74: - | J74: Abs | K74: N | L74: poly. Arr. | M74: - | Q74: D | R74: VA | S74: N | T74: Abs | U74: N | V74: 10h-18h | W74: - | X74: Abs | Y74: N | AA74: N | AB74: AM | AC74: N | AE74: AM | AF74: distillation | AG74: N | AH74: VA | AI74: N | AJ74: chaudières | AK74: N
A75: S | B75: 6 | C75: PM | D75: 2h RTT | G75: 7h-15h | H75: 3h RTT | I75: - | J75: Abs | K75: - | M75: PM | N75: R-CM | Q75: D | R75: VA | S75: - | T75: Abs | U75: - | W75: AM | X75: Abs | Y75: - | AA75: - | AC75: - | AE75: - | AG75: - | AI75: - | AK75: -
B76: 7 | C76: PM | G76: - | H76: 2h +FT | I76: - | J76: Abs | K76: - | M76: R-CM | N76: 1h +FT | Q76: - | S76: - | U76: - | W76: AM | X76: Abs | Y76: - | AA76: - | AC76: - | AE76: - | AG76: - | AI76: - | AK76: -
B77: 8 | C77: PM | G77: - | H77: 4h +FT | I77: - | J77: Abs | K77: - | M77: PM | N77: R-CM | Q77: - | S77: - | U77: - | W77: AM | X77: Abs | Y77: - | AA77: - | AC77: - | AE77: - | AG77: - | AI77: - | AK77: -
A78: 2 | B78: 9 | C78: N | D78: SD26 | G78: AM | H78: R-CM | I78: D | J78: Abs | K78: 6h-17h | M78: PM | N78: terr arr | Q78: AM | S78: - | U78: - | W78: PM | X78: Abs | Y78: AM | Z78: terr. Arr. | AA78: 6h-14h | AB78: CP | AC78: D | AD78: CP | AE78: - | AG78: - | AI78: - | AK78: D | AL78: VA
A79: 0 | B79: 10 | C79: N | D79: SD26 | G79: AM | H79: R-CM | I79: D | J79: Abs | K79: 7h-15h | L79: 1h RTT | M79: PM | N79: terr arr | Q79: AM | R79: F | S79: - | U79: - | W79: PM | X79: Abs | Y79: 7h-11h | Z79: 4h RTT | AA79: 6h-14h | AB79: CP | AC79: D | AD79: CP | AE79: - | AG79: - | AI79: - | AK79: D | AL79: VA
A80: 2 | B80: 11 | C80: - | D80: SD26/ Abs | G80: PM | H80: R-CM | I80: D | J80: Abs | K80: AM | L80: R-CM | M80: N | N80: Abs | Q80: PM | R80: AM | S80: 6h-14h | T80: TP | U80: 6h-14h | V80: VA | W80: N | X80: Abs | Y80: D | AA80: 6h-14h | AB80: VA | AC80: D | AD80: VA | AE80: 7h-15h | AG80: D | AH80: CP | AI80: 7h-15h | AJ80: VA | AK80: D | AL80: VA
A81: 6 | B81: 12 | C81: - | D81: SD26 | G81: PM | H81: R-CM | I81: D | J81: Abs | K81: - | M81: N | N81: Abs | Q81: PM | S81: 6h-14h | T81: TP | U81: 6h-14h | V81: VA | W81: N | X81: Abs | Y81: - | AA81: - | AC81: - | AE81: 7h-15h | AF81: SD26 | AG81: D | AH81: CP | AI81: 7h-15h | AJ81: VA | AK81: -
B82: 13 | C82: AM | D82: SD26 | G82: 06h-18h | H82: 2h RTT | I82: D | J82: Abs | K82: - | M82: - | Q82: N | R82: RTT | S82: 6h-14h | T82: RTT | U82: 6h-14h | V82: RTT | W82: - | X82: Abs | Y82: - | AA82: - | AC82: - | AE82: 6h-14h | AF82: SD26 | AG82: D | AH82: VA | AI82: 7h-15h | AJ82: VA | AK82: -
B83: 14 | C83: AM | D83: 4h RTT | G83: AM | H83: R-CM | I83: - | J83: Abs | K83: - | L83: 4h +FT | M83: - | Q83: N | R83: VA | S83: - | U83: - | W83: - | X83: Abs | Y83: - | AA83: - | AC83: - | AE83: - | AG83: - | AI83: - | AK83: -
B84: 15 | C84: AM | D84: 1h RTT | G84: N | H84: PM | I84: - | J84: Abs | K84: - | M84: - | Q84: N | S84: - | U84: - | W84: - | X84: Abs | Y84: - | AA84: - | AC84: - | AE84: - | AG84: - | AI84: - | AK84: -
A85: SHUT-DOWN 2026 | B85: 16 | C85: PM | D85: SD 26 | G85: - | H85: 06h-18h | I85: AM | J85: Abs | K85: 06h-15h | L85: R-CM/VM | M85: H. flott. | N85: CP | Q85: - | S85: AM | T85: Abs | U85: VM | V85: distillation | W85: 6h-14h | X85: Abs | Y85: AM | Z85: 2h +FT | AA85: AM | AB85: VM | AC85: AM | AD85: Abs | AE85: AM | AF85: VM | AG85: AM | AH85: VM | AI85: 06h-18h | AJ85: VM | AK85: 06h-18h | AL85: VM
B86: 17 | C86: PM | D86: SD 26 | G86: - | H86: 06h-17h | I86: AM | J86: Abs | K86: AM | L86: R-CM | M86: H. flott. | N86: CP | Q86: - | S86: AM | T86: Abs | U86: AM | W86: 6h-14h | X86: Abs | Y86: AM | AA86: AM | AC86: AM | AE86: AM | AG86: AM | AI86: AM | AK86: AM | AL86: 4h RHS
B87: 18 | C87: N | D87: SD 26 | G87: AM | H87: SD26 | I87: PM | J87: Abs | K87: AM | L87: R-CM | M87: H. flott. | N87: CP | Q87: AM | S87: PM | T87: Abs | U87: PM | V87: distillation | W87: 6h-14h | X87: Abs | Y87: PM | AA87: PM | AC87: PM | AE87: PM | AG87: PM | AI87: PM | AK87: PM
B88: 19 | C88: N | D88: SD 26 | G88: AM | H88: VA | I88: PM | J88: Abs | K88: AM | L88: R-CM | M88: - | Q88: AM | S88: PM | T88: Abs | U88: PM | V88: 4h +FT | W88: - | X88: Abs | Y88: PM | Z88: Abs | AA88: PM | AB88: 4h RTT | AC88: PM | AE88: 22h-02h | AF88: 4h +FT | AG88: PM | AI88: PM | AK88: PM
B89: 20 | C89: - | D89: SD 26 | G89: R-CM | H89: 1/2VA | I89: N | J89: Abs | K89: 06h-18h | L89: R-CM | M89: - | Q89: 06h-18h | R89: 4h +FT | S89: N | T89: Abs | U89: PM | V89: distillation | W89: - | X89: Abs | Y89: N | Z89: D | AA89: N | AC89: N | AE89: 18h-06h | AF89: 4h +FT | AG89: N | AI89: N | AJ89: 18h-06h | AK89: N
B90: 21 | C90: - | D90: SD 26 | G90: PM | H90: 6h-18 | I90: N | J90: Abs | K90: - | L90: 6h-18h | M90: - | Q90: PM | S90: N | T90: Abs | U90: N | W90: - | X90: Abs | Y90: N | Z90: D | AA90: N | AC90: N | AE90: N | AF90: 6h -FT | AG90: N | AI90: N | AK90: N
B91: 22 | C91: - | G91: PM | H91: 6h-18 | I91: N | J91: Abs | K91: - | L91: AM | M91: - | Q91: PM | S91: N | T91: Abs | U91: N | W91: - | X91: Abs | Y91: N | Z91: D | AA91: N | AC91: N | AE91: N | AF91: 8h -FT | AG91: N | AI91: N | AK91: N
B92: 23 | C92: H. flott. | D92: SD 26 | G92: 06h-15h | H92: 1h +FT | I92: - | J92: Abs | K92: AM | L92: R-CM | M92: H. flott. | N92: Abs | Q92: N | S92: - | U92: - | W92: AM | X92: Abs | Y92: - | AA92: - | AC92: - | AE92: - | AG92: - | AI92: - | AK92: -
B93: 24 | C93: H. flott. | D93: SD 26 | G93: N | H93: 1h +FT | I93: - | J93: Abs | K93: AM | L93: R-CM | M93: H. flott. | N93: Abs | Q93: N | S93: - | U93: - | W93: AM | X93: Abs | Y93: - | AA93: - | AC93: - | AE93: - | AG93: - | AI93: - | AK93: -
B94: 25 | C94: H. flott. | D94: 2,5h RHS | G94: 06h-15h | H94: 1h +FT | I94: AM | J94: Abs | K94: PM | L94: R-CM | M94: H. flott. | N94: Abs | Q94: - | S94: AM | T94: VA | U94: AM | W94: PM | X94: Abs | Y94: AM | AA94: AM | AC94: AM | AE94: AM | AF94: Abs | AG94: AM | AI94: AM | AK94: AM
B95: 26 | C95: SD 26 | D95: 8h +FT | G95: SD26 | H95: 8h +FT | I95: AM | J95: Abs | K95: PM | L95: R-CM | M95: AM | N95: R-CM | Q95: - | S95: AM | T95: 2h RTT | U95: AM | W95: PM | X95: Abs | Y95: AM | AA95: AM | AC95: AM | AE95: AM | AG95: AM | AI95: AM | AK95: AM
B96: 27 | C96: - | D96: SD 26 | G96: AM | H96: VA | I96: PM | J96: Abs | K96: N | L96: R-CM | M96: PM | N96: R-CM | Q96: AM | S96: PM | U96: PM | W96: N | X96: Abs | Y96: PM | AA96: PM | AC96: PM | AE96: PM | AF96: N SD26 | AG96: PM | AI96: PM | AJ96: AM | AK96: PM
B97: 28 | C97: - | D97: SD 26 | G97: AM | H97: SD26 | I97: PM | J97: Abs | K97: 18h-6h | L97: R-CM | M97: - | Q97: AM | S97: PM | U97: PM | W97: N | X97: Abs | Y97: PM | AA97: PM | AB97: CP | AC97: PM | AD97: 1/2VA | AE97: PM | AF97: N SD26 | AG97: PM | AH97: AM | AI97: PM | AJ97: AM | AK97: PM
B98: 29 | C98: - | D98: 3h +FT | G98: AM | H98: 3h -FT | I98: PM | J98: Abs | K98: 18h-6h | L98: R-CM | M98: - | Q98: AM | R98: 8h -FT | S98: PM | U98: PM | W98: N | X98: Abs | Y98: PM | AA98: PM | AC98: AM | AD98: 2h RTT | AE98: PM | AF98: N SD26 | AG98: PM | AH98: AM | AI98: PM | AJ98: rhs | AK98: PM
B99: 30 | C99: H. flott. | D99: SD 26 | G99: PM | H99: SD26 | I99: N | J99: Abs | K99: - | M99: PM | N99: R-CM | Q99: PM | R99: F | S99: 10h-18h | T99: 1/2VA | U99: N | W99: - | X99: Abs | Y99: N | Z99: PM | AA99: N | AB99: AM | AC99: N | AD99: AM | AE99: N | AF99: E. min SD26 | AG99: N | AH99: AM | AI99: PM | AJ99: F | AK99: N | AL99: PM
B100: 31 | C100: H. flott. | D100: SD 26 | G100: PM | H100: SD26 | I100: N | J100: Abs | K100: - | M100: PM | N100: R-CM | Q100: PM | R100: F | S100: N | T100: 08h-16h | U100: N | W100: - | X100: Abs | Y100: N | Z100: PM | AA100: N | AB100: AM | AC100: N | AD100: AM | AE100: N | AF100: E. min SD26 | AG100: N | AH100: AM | AI100: PM | AJ100: F | AK100: PM | AL100: VA
B101: 1 | C101: SD 26 | D101: 3h +FT | G101: N | H101: 4h +FT | I101: - | J101: Abs | K101: AM | L101: rhs | M101: PM | N101: R-CM | Q101: N | R101: F | S101: - | U101: - | W101: AM | X101: Abs | Y101: - | AA101: - | AC101: - | AE101: - | AG101: - | AI101: - | AJ101: F | AK101: -
A102: A | B102: 2 | C102: SD 26 | D102: 3h +FT | G102: N | H102: 1h +FT | I102: - | J102: Abs | K102: AM | L102: rhs | M102: PM | N102: R-CM | Q102: N | R102: F | S102: - | U102: - | W102: AM | X102: Abs | Y102: - | AA102: - | AC102: - | AE102: - | AG102: - | AI102: - | AJ102: F | AK102: -
...

Sheet Opérateurs
A1: Opérateurs en formation - 2026 | F1: Date de dernière mise à jour
F2: =Shift1!O2 -> 46295.595
C4: VA | D4: Vacances annuelles | I4: xxx | J4: Congé accordé sous restriction - Rappelable | P4: CP | Q4: Congé Parental
C5: RTT | D5: Récup. temps de travail | I5: R | J5: Remplacement | P5: CSS | Q5: Congé sans solde
C6: RHS | D6: Récup. heures supplémentaires | I6: Abs. | J6: Absence - Maladie
C7: RJF | D7: Récup. Jour férié | I7: DS | J7: Délégation syndicale
C9: Meunerie | E9: Distillation | G9: chaudières éq. 1 | I9: chaudières éq. 5 | K9: chaudières éq. 3 | M9: Gluten | Q9: Distillation éq. 1 | S9: Distillation éq. 5
C10: SKS | E10: CDT | G10: MGY | I10: LHR | K10: GST | M10: NPI | Q10: SVE | S10: LCI
B11: 1 | C11: - | I11: - | K11: PM | Q11: N | R11: RJF | S11: -
B12: 2 | C12: - | I12: AM | J12: 7h RTT- | K12: N | L12: PM | Q12: - | S12: -
A13: J | B13: 3 | C13: - | I13: AM | K13: N | L13: PM | Q13: - | S13: -
A14: A | B14: 4 | C14: - | I14: AM | K14: N | L14: PM | Q14: - | S14: -
A15: N | B15: 5 | C15: AM | I15: PM | J15: N | K15: - | Q15: 6h-14h | R15: VA | S15: AM
A16: V | B16: 6 | C16: AM | I16: PM | J16: N | K16: - | Q16: 6h-14h | R16: RTT | S16: AM
A17: I | B17: 7 | C17: PM | D17: 1h RHS | I17: N | K17: AM | Q17: 6h-14h | R17: RJF | S17: PM
A18: E | B18: 8 | C18: PM | I18: N | K18: AM | Q18: - | S18: PM
A19: R | B19: 9 | C19: N | D19: VA | I19: - | K19: PM | Q19: - | S19: N
B20: 10 | C20: N | I20: - | K20: PM | Q20: - | S20: N
B21: 11 | C21: N | I21: - | K21: PM | Q21: - | S21: N
B22: 12 | C22: - | I22: - | K22: N | L22: PM | Q22: AM | S22: -
B23: 13 | C23: - | I23: - | K23: N | L23: PM | Q23: AM | S23: -
A24: 2 | B24: 14 | C24: AM | D24: RHS | I24: 6h-14h | J24: D-F | K24: - | Q24: PM | R24: 4h RTT | S24: F | T24: 2h +FT
A25: 0 | B25: 15 | C25: AM | I25: 6h-14h | J25: CP | K25: - | Q25: D-F | R25: 1/2VA | S25: AM
A26: 2 | B26: 16 | C26: PM | I26: 6h-14h | J26: CP | K26: AM | Q26: N | S26: PM
A27: 6 | B27: 17 | C27: PM | D27: 8h -FT | I27: - | K27: AM | Q27: N | S27: PM
B28: 18 | C28: PM | I28: - | K28: AM | Q28: N | S28: PM
B29: 19 | C29: N | I29: AM | K29: PM | Q29: - | S29: N | T29: Abs
B30: 20 | C30: N | D30: VA | I30: DS | J30: 2h rhs | K30: PM | Q30: - | S30: N | T30: Abs
B31: 21 | C31: - | I31: 10h-22h | J31: 4h +FT | K31: N | L31: 20h15-06h | Q31: AM | S31: DS-CE | T31: Abs
B32: 22 | C32: - | I32: PM | J32: meunerie | K32: N | L32: RJF | Q32: AM | S32: - | T32: Abs
B33: 23 | C33: AM | I33: N | J33: meunerie | K33: - | Q33: PM | R33: 1/2VA | S33: AM | T33: Abs
B34: 24 | C34: AM | I34: N | K34: - | Q34: PM | R34: DTT | S34: AM
B35: 25 | C35: AM | I35: N | K35: - | Q35: PM | S35: AM
B36: 26 | C36: PM | I36: - | K36: - | Q36: N | S36: PM
B37: 27 | C37: PM | D37: chaudières | I37: - | K37: - | Q37: N | S37: PM
B38: 28 | C38: N | D38: 1h rhs | I38: AM | J38: D-CPPT | K38: 6h-14h | L38: VA | Q38: - | S38: N
B39: 29 | C39: N | D39: VA | I39: AM | J39: 1/2VA | K39: 6h-14h | L39: VA | Q39: - | S39: N
B40: 30 | C40: - | I40: PM | J40: N | K40: 6h-14h | L40: RTT | Q40: AM | S40: -
B41: 31 | C41: - | I41: PM | J41: N | K41: - | Q41: AM | R41: 2h RTT | S41: -
B42: 1 | C42: - | D42: AM | I42: N | J42: 22h-10h | K42: - | Q42: AM | S42: -
B43: 2 | C43: - | I43: PM | J43: 1/2VA | K43: AM | Q43: PM | S43: -
A44: F | B44: 3 | C44: - | I44: N | J44: DS | K44: AM | Q44: PM | S44: -
A45: E | B45: 4 | C45: 6h-14h | D45: ferm. Liqu. | I45: - | K45: PM | Q45: N | S45: 6h-14h | T45: TP
A46: V | B46: 5 | C46: 6h-14h | D46: ferm. Liqu. | I46: - | K46: PM | Q46: N | S46: 6h-14h | T46: TP
A47: R | B47: 6 | C47: 6h-14h | D47: RHS | I47: AM | K47: N | L47: PM | Q47: - | S47: 6h-14h | T47: VA
A48: I | B48: 7 | C48: - | I48: AM | J48: 1h RTT | K48: N | L48: PM | Q48: - | S48: -
A49: E | B49: 8 | C49: - | I49: AM | K49: N | L49: PM | Q49: - | S49: -
A50: R | B50: 9 | C50: AM | I50: N | J50: Abs | K50: - | Q50: - | S50: AM | T50: VA
B51: 10 | C51: AM | I51: PM | J51: N | K51: - | L51: AM | Q51: - | S51: AM | T51: Abs
B52: 11 | C52: PM | I52: N | K52: AM | L52: 2h RHS | Q52: 6h-14h | R52: RJF | S52: PM
B53: 12 | C53: PM | I53: N | K53: AM | L53: 2h rhs | Q53: 6h-14h | R53: VA | S53: PM
B54: 13 | C54: N | D54: RHS | I54: - | K54: PM | Q54: 6h-14h | R54: VA | S54: N
A55: 2 | B55: 14 | C55: N | I55: - | K55: PM | Q55: - | S55: N
A56: 0 | B56: 15 | C56: N | D56: 18h-06h | I56: - | K56: PM | Q56: - | S56: N
A57: 2 | B57: 16 | C57: - | I57: 6h-14h | J57: CP | K57: 22h-10h | L57: 4h +FT | Q57: AM | S57: -
A58: 6 | B58: 17 | C58: - | I58: 6h-14h | J58: CP | K58: N | L58: RHS | Q58: AM | S58: -
B59: 18 | C59: AM | D59: RHS | I59: 06h-14h | J59: DS | K59: - | Q59: PM | R59: meunerie | S59: AM | T59: DS-CE
B60: 19 | C60: AM | D60: 2h RTT | I60: - | J60: 1h +FT | K60: - | Q60: PM | R60: meunerie | S60: AM | T60: DF
B61: 20 | C61: PM | I61: - | J61: 1/2VA | K61: AM | Q61: N | S61: PM
B62: 21 | C62: PM | I62: - | K62: AM | Q62: N | S62: PM
B63: 22 | C63: PM | I63: - | K63: AM | L63: 4h -FT | Q63: N | S63: PM
B64: 23 | C64: N | D64: PM | I64: AM | K64: PM | L64: AM | Q64: - | S64: N
B65: 24 | C65: N | D65: RHS | I65: AM | K65: PM | L65: DTT | Q65: - | S65: N
B66: 25 | C66: - | I66: 10h-22h | J66: 4h +FT | K66: N | L66: RTT | Q66: AM | R66: 2h RTT | S66: -
B67: 26 | C67: - | I67: PM | J67: N | K67: N | L67: VA | Q67: AM | S67: -
B68: 27 | C68: AM | I68: N | J68: VA | K68: - | Q68: PM | S68: AM
B69: 28 | C69: AM | I69: N | K69: - | Q69: PM | R69: 1h RTT | S69: AM
B70: 1 | C70: AM | I70: N | K70: - | Q70: PM | S70: AM | T70: 8h -FT
B71: 2 | C71: PM | I71: - | K71: 6h-14h | L71: RTT | Q71: N | S71: PM
A72: M | B72: 3 | C72: PM | I72: - | K72: 6h-14h | L72: VA | Q72: N | S72: PM
A73: A | B73: 4 | C73: N | I73: AM | J73: VA | K73: 6h-14h | L73: VA | Q73: - | S73: N
A74: R | B74: 5 | C74: N | D74: VA | I74: AM | J74: 2h RTT | K74: - | Q74: - | S74: N
A75: S | B75: 6 | C75: - | I75: PM | J75: N | K75: - | Q75: AM | R75: 2h RTT | S75: -
B76: 7 | C76: - | I76: PM | J76: N | K76: - | Q76: AM | S76: -
B77: 8 | C77: - | D77: N | I77: PM | J77: N | K77: - | Q77: AM | S77: -
A78: 2 | B78: 9 | C78: - | G78: D | I78: N | K78: AM | Q78: PM | S78: 6h-14h | T78: TP
A79: 0 | B79: 10 | C79: 6h-14h | D79: VA | G79: D | I79: N | K79: AM | Q79: PM | R79: 2h RTT | S79: 6h-14h | T79: TP
A80: 2 | B80: 11 | C80: 6h-14h | D80: RTT | G80: D | I80: - | K80: PM | Q80: N | S80: 6h-14h | T80: TP
A81: 6 | B81: 12 | C81: 6h-14h | D81: N | G81: D | I81: - | K81: PM | Q81: N | S81: -
B82: 13 | C82: - | G82: D | I82: AM | J82: 2h RTT | K82: N | L82: PM | Q82: - | S82: -
B83: 14 | C83: - | G83: - | I83: AM | J83: Abs | K83: N | L83: PM | Q83: - | S83: -
B84: 15 | C84: - | G84: - | I84: AM | J84: Abs | K84: PM | L84: 8h -FT | Q84: - | S84: -
A85: SHUT-DOWN 2026 | B85: 16 | C85: AM | D85: RJF | G85: AM | I85: PM | J85: Abs | K85: - | Q85: 6h-14h | S85: AM | T85: VM
B86: 17 | C86: AM | G86: AM | H86: VA | I86: PM | J86: Abs | K86: - | Q86: 6h-14h | R86: RJF | S86: AM
B87: 18 | C87: PM | G87: AM | I87: N | J87: Abs | K87: AM | Q87: 6h-14h | R87: VA | S87: DS-CE | T87: 1/2VA
B88: 19 | C88: PM | D88: N | G88: AM | I88: N | K88: AM | Q88: - | S88: PM
B89: 20 | C89: 18h-06h | D89: 4h +FT | G89: AM | I89: - | K89: PM | Q89: - | S89: N | T89: 18h-06h
B90: 21 | C90: N | G90: - | I90: - | K90: PM | Q90: - | S90: N
B91: 22 | C91: N | G91: - | I91: - | K91: PM | Q91: - | S91: N
B92: 23 | C92: - | G92: PM | I92: - | K92: N | L92: PM | Q92: AM | S92: -
B93: 24 | C93: - | G93: PM | I93: - | K93: N | L93: PM | Q93: AM | R93: 2h RTT | S93: -
B94: 25 | C94: AM | G94: PM | I94: 6h-14h | J94: VA | K94: - | Q94: PM | S94: AM
B95: 26 | C95: AM | G95: PM | I95: 6h-14h | J95: CP | K95: - | Q95: PM | R95: 1/2VA | S95: AM
B96: 27 | C96: PM | D96: AM | G96: PM | I96: 6h-14h | J96: CP | K96: AM | L96: 3h rhs | Q96: N | R96: AM | S96: PM | T96: 1/2VA
B97: 28 | C97: PM | D97: AM | G97: - | I97: - | K97: AM | Q97: N | R97: AM | S97: PM
B98: 29 | C98: PM | D98: AM | G98: - | I98: - | K98: AM | Q98: AM | R98: 2h RTT | S98: PM
B99: 30 | C99: PM | D99: 2h rhs | G99: AM | I99: AM | K99: PM | Q99: - | R99: 1/2VA | S99: N
B100: 31 | C100: PM | D100: Abs | G100: AM | I100: AM | J100: Abs | K100: PM | Q100: - | S100: N
B101: 1 | C101: - | G101: AM | I101: PM | K101: N | Q101: AM | S101: -
A102: A | B102: 2 | C102: - | G102: AM | I102: PM | K102: N | Q102: AM | R102: 1h RTT | S102: -
...

Sheet Step
A1: Opérateurs STEP - 2026 | F1: Date de dernière mise à jour
F2: =Shift1!O2 -> 46295.595
C4: VA | D4: Vacances annuelles | I4: xxx | J4: Congé accordé sous restriction - Rappelable | P4: CP | Q4: Congé Parental
C5: RTT | D5: Récup. temps de travail | I5: R | J5: Remplacement | P5: CSS | Q5: Congé sans solde
C6: RHS | D6: Récup. heures supplémentaires | I6: Abs. | J6: Absence - Maladie
C7: RJF | D7: Récup. Jour férié | I7: DS | J7: Délégation syndicale
C10: CAN | E10: PDE
B11: 1 | C11: AM | E11: -
B12: 2 | C12: AM | D12: 1h RTT- | E12: -
A13: J | B13: 3 | C13: - | E13: AM | F13: 6h-14h
A14: A | B14: 4 | C14: - | E14: AM
A15: N | B15: 5 | C15: AM | D15: CP | E15: AM
A16: V | B16: 6 | C16: AM | D16: RTT- | E16: AM
A17: I | B17: 7 | C17: AM | D17: RTT- | E17: AM | F17: 0,25h RHS
A18: E | B18: 8 | C18: - | E18: AM
A19: R | B19: 9 | C19: - | E19: AM
B20: 10 | C20: AM | E20: -
B21: 11 | C21: AM | E21: -
B22: 12 | C22: AM | D22: F | E22: AM | F22: F
B23: 13 | C23: AM | E23: AM
A24: 2 | B24: 14 | C24: AM | D24: F | E24: AM
A25: 0 | B25: 15 | C25: AM | D25: 1h RTT | E25: -
A26: 2 | B26: 16 | C26: AM | E26: -
A27: 6 | B27: 17 | C27: - | E27: AM
B28: 18 | C28: - | E28: AM
B29: 19 | C29: AM | D29: CP | E29: AM | F29: 2h +FT
B30: 20 | C30: AM | E30: AM | F30: 1h rhs
B31: 21 | C31: AM | D31: F | E31: AM
B32: 22 | C32: - | E32: AM
B33: 23 | C33: - | E33: AM | F33: 1h +FT
B34: 24 | C34: AM | E34: -
B35: 25 | C35: AM | E35: -
B36: 26 | C36: AM | E36: AM
B37: 27 | C37: AM | E37: AM
B38: 28 | C38: AM | E38: AM | F38: Abs
B39: 29 | C39: AM | E39: -
B40: 30 | C40: AM | E40: -
B41: 31 | C41: - | E41: AM | F41: 1h rhs
B42: 1 | C42: - | E42: AM | F42: 1h -FT
B43: 2 | C43: AM | D43: CP | E43: AM
A44: F | B44: 3 | C44: AM | D44: F | E44: AM
A45: E | B45: 4 | C45: AM | E45: AM
A46: V | B46: 5 | C46: - | E46: AM | F46: 1h +FT
A47: R | B47: 6 | C47: - | E47: AM
A48: I | B48: 7 | C48: AM | E48: -
A49: E | B49: 8 | C49: AM | E49: -
A50: R | B50: 9 | C50: AM | E50: AM
B51: 10 | C51: AM | E51: AM
B52: 11 | C52: AM | E52: AM
B53: 12 | C53: AM | E53: -
B54: 13 | C54: AM | D54: 1h rhs | E54: -
A55: 2 | B55: 14 | C55: - | E55: AM | F55: 0,75 rhs
A56: 0 | B56: 15 | C56: - | E56: AM
A57: 2 | B57: 16 | C57: AM | D57: CP | E57: AM
A58: 6 | B58: 17 | C58: AM | D58: VA | E58: AM
B59: 18 | C59: AM | D59: VA | E59: 06h-14h | F59: terr. Arr.
B60: 19 | C60: - | E60: AM
B61: 20 | C61: - | E61: AM
B62: 21 | C62: AM | E62: -
B63: 22 | C63: AM | E63: -
B64: 23 | C64: AM | E64: AM | F64: RTT
B65: 24 | C65: AM | E65: AM | F65: RTT
B66: 25 | C66: AM | E66: AM | F66: RTT
B67: 26 | C67: AM | E67: -
B68: 27 | C68: AM | D68: 1h rhs | E68: -
B69: 28 | C69: - | E69: AM | F69: 2,25 rhs
B70: 1 | C70: - | E70: AM
B71: 2 | C71: AM | D71: CP | E71: AM
A72: M | B72: 3 | C72: AM | E72: AM
A73: A | B73: 4 | C73: AM | D73: 1h RTT | E73: AM
A74: R | B74: 5 | C74: - | E74: AM
A75: S | B75: 6 | C75: - | E75: AM
B76: 7 | C76: AM | E76: -
B77: 8 | C77: AM | E77: -
A78: 2 | B78: 9 | C78: AM | E78: AM | F78: 3h RTT
A79: 0 | B79: 10 | C79: AM | D79: 1h +FT | E79: AM | F79: 2h RHS
A80: 2 | B80: 11 | C80: AM | D80: 06h-14h | E80: AM | F80: 4h RTT
A81: 6 | B81: 12 | C81: AM | E81: -
B82: 13 | C82: AM | D82: 1h +FT | E82: -
B83: 14 | C83: - | E83: AM
B84: 15 | C84: - | E84: AM | F84: 1h -FT
A85: SHUT-DOWN 2026 | B85: 16 | C85: AM | D85: CP | E85: AM | F85: 1h +FT
B86: 17 | C86: AM | E86: AM
B87: 18 | C87: AM | D87: 0,5 rhs | E87: AM
B88: 19 | C88: - | E88: AM | F88: 2h +FT
B89: 20 | C89: - | E89: AM
B90: 21 | C90: AM | E90: -
B91: 22 | C91: AM | E91: -
B92: 23 | C92: AM | E92: AM
B93: 24 | C93: AM | E93: AM
B94: 25 | C94: AM | E94: AM
B95: 26 | C95: AM | E95: -
B96: 27 | C96: AM | E96: -
B97: 28 | C97: - | E97: AM | F97: 1h rhs
B98: 29 | C98: - | E98: AM
B99: 30 | C99: AM | D99: CP | E99: 6h-14h | F99: 2h +FT
B100: 31 | C100: AM | E100: AM
B101: 1 | C101: AM | E101: AM
A102: A | B102: 2 | C102: - | E102: AM
A103: V | B103: 3 | C103: - | E103: AM
...

Sheet Contremaître
A1: Contremaîtres de Production | F1: Date de dernière mise à jour | K1: CP | L1: Congé Parental
F2: =Shift1!O2 -> 46295.595 | K2: CSS | L2: Congé sans solde
A4: VA | B4: Vacances annuelles | G4: xxx | H4: Congé accordé sous restriction - Rappelable | O4: R-CM | P4: Remplacement Contremaître
A5: RTT | B5: Récup. temps de travail | G5: R | H5: Remplacement
A6: RHS | B6: Récup. heures supplémentaires | G6: Abs. | H6: Absence - Maladie
A7: RJF | B7: Récup. Jour férié | G7: DS | H7: Délégation syndicale
C9: 1 | E9: 2 | G9: 3 | I9: 4 | K9: 5 | M9: 6 | O9: 1 | Q9: 2 | S9: 3 | U9: 4 | W9: 5 | Y9: 6
C10: YPE | E10: GPS | G10: ATA | I10: AFA | K10: VBN | M10: FLI | O10: =Shift1!C10 -> VGG | Q10: =Shift1!E10 -> 0 | S10: =Shift1!G10 -> JBI | U10: =Shift1!I10 -> YBT | W10: =Shift1!K10 -> ATR | Y10: =Shift1!M10 -> FPA
B11: 1 | C11: - | E11: N | F11: 8h -FT | G11: - | I11: AM | K11: N | L11: R-CM | M11: D | N11: CP | O11: - | S11: - | U11: AM | V11: Abs | W11: PM | X11: 8h -FT | Y11: H. flott. | Z11: 8h -FT
B12: 2 | C12: - | E12: - | G12: AM | I12: PM | J12: RTT- | K12: - | M12: D | N12: CP | O12: H. flott | P12: RTT | S12: AM | T12: RHS | U12: PM | V12: Abs | W12: N | X12: R-CM | Y12: H. flott. | Z12: 4h RTT-
A13: J | B13: 3 | C13: - | E13: - | G13: AM | I13: PM | K13: - | M13: - | O13: - | S13: AM | U13: PM | V13: Abs | W13: N | X13: R-CM | Y13: - | Z13: 4h RTT
A14: A | B14: 4 | C14: - | E14: - | G14: AM | I14: PM | K14: - | M14: - | O14: - | S14: AM | T14: poly. Arr. | U14: PM | V14: Abs | W14: N | X14: R-CM | Y14: -
A15: N | B15: 5 | C15: 7h-15h | D15: N | E15: 7h-15h | G15: PM | I15: N | J15: RTT- | K15: 7h-15h | L15: CP | M15: AM | N15: Abs | O15: H. flott. | S15: PM | T15: RTT - | U15: N | V15: Abs | W15: - | Y15: AM | Z15: R-CM
A16: V | B16: 6 | C16: 7h-15h | D16: N | E16: 7h-15h | G16: PM | I16: D | J16: 2h RHS | K16: 7h-15h | L16: CP | M16: AM | N16: Abs | O16: H. flott. | P16: 1h RHS | S16: PM | T16: poly. Arr. | U16: N | V16: Abs | W16: - | Y16: AM | Z16: R-CM
A17: I | B17: 7 | C17: 7h-15h | D17: CP | E17: 7h-15h | F17: VA | G17: N | H17: RHS | I17: SD26 | J17: 6h +FT | K17: 7h-15h | L17: CP | M17: PM | N17: Abs | O17: H. flott. | P17: R-CM | S17: N | T17: R-CM | U17: - | V17: Abs | W17: R-CM | X17: 2h RTT- | Y17: PM | Z17: R-CM
A18: E | B18: 8 | C18: 7h-15h | E18: - | F18: SD26 | G18: N | H18: RHS | I18: SD26 | J18: 8h +FT | K18: - | M18: PM | N18: Abs | O18: H. flott. | P18: R-CM | S18: N | T18: R-CM | U18: - | V18: Abs | W18: AM | X18: VA | Y18: PM | Z18: R-CM
A19: R | B19: 9 | C19: 7h-15h | D19: VA | E19: - | F19: SD26 | G19: - | I19: AM | J19: SD26 | K19: - | M19: N | N19: Abs | O19: H. flott. | P19: RJF | S19: - | U19: AM | V19: Abs | W19: PM | X19: R-CM | Y19: N | Z19: R-CM
B20: 10 | C20: - | E20: - | G20: - | I20: AM | K20: - | M20: N | N20: Abs | O20: - | S20: - | T20: 4h +FT | U20: AM | V20: Abs | W20: PM | X20: R-CM | Y20: N | Z20: R-CM
B21: 11 | C21: - | E21: - | G21: - | I21: AM | K21: - | M21: N | N21: Abs | O21: - | S21: - | U21: AM | V21: Abs | W21: PM | X21: R-CM | Y21: N | Z21: R-CM
B22: 12 | C22: AM | D22: N | E22: 7h-15h | F22: PM | G22: 7h-15h | H22: TP | I22: PM | J22: SD26 | K22: 7h-15h | M22: - | O22: AM | P22: poly-arr | S22: AM | T22: R-CM | U22: PM | V22: Abs | W22: N | Y22: -
B23: 13 | C23: AM | D23: N | E23: 7h-15h | F23: PM | G23: 7h-15h | H23: TP | I23: PM | J23: SD26 | K23: AM | L23: R-CM | M23: - | O23: AM | P23: Abs | S23: 7h-15h | T23: 1h rhs | U23: PM | V23: Abs | W23: N | X23: R-CM | Y23: - | Z23: 2h +FT
A24: 2 | B24: 14 | C24: N | D24: 3h RTT | E24: 7h-15h | F24: 1h RTT | G24: 7h-15h | H24: TP | I24: N | J24: 1h +FT | K24: 7h-15h | L24: F | M24: AM | N24: eval | O24: PM | P24: Abs | S24: 14h-01h | T24: R-CM | U24: PM | V24: Abs | W24: - | Y24: AM | Z24: R-CM
A25: 0 | B25: 15 | C25: PM | D25: N | E25: 7h-15h | F25: 2h RTT | G25: - | I25: SD26 | J25: 2h rhs | K25: 7h-15h | L25: VA | M25: AM | N25: eval | O25: PM | P25: Abs | S25: PM | T25: R-CM | U25: N | V25: Abs | W25: - | Y25: AM | Z25: R-CM
A26: 2 | B26: 16 | C26: N | E26: 7h-15h | F26: SD26 | G26: - | I26: SD26 | J26: 6h +FT | K26: 7h-15h | L26: meunerie | M26: PM | O26: N | P26: Abs | S26: - | T26: 3h +FT | U26: - | V26: Abs | W26: AM | X26: R-CM | Y26: PM | Z26: R-CM
A27: 6 | B27: 17 | C27: N | E27: - | G27: - | I27: - | K27: - | M27: PM | O27: N | P27: Abs | S27: - | T27: 18h-22h | U27: - | V27: Abs | W27: AM | X27: R-CM | Y27: PM | Z27: 8h -FT
B28: 18 | C28: N | E28: - | G28: - | I28: - | K28: - | M28: PM | O28: N | P28: Abs | S28: - | U28: - | V28: Abs | W28: AM | X28: R-CM | Y28: PM | Z28: Abs
B29: 19 | C29: N | D29: 8h +FT | E29: PM | F29: D | G29: 7h-15h | I29: 7h-15h | J29: SD26 | K29: AM | M29: N | N29: D | O29: - | S29: AM | T29: R-CM | U29: D | V29: Abs | W29: PM | Y29: N | Z29: Abs
B30: 20 | C30: - | E30: AM | F30: PM | G30: 7h-15h | H30: 1h RTT | I30: 7h-15h | J30: 4h rhs | K30: AM | L30: meunerie | M30: N | O30: - | S30: AM | T30: R-CM | U30: D | V30: Abs | W30: PM | X30: meunerie | Y30: N | Z30: Abs
B31: 21 | C31: AM | D31: Abs | E31: PM | F31: 2h RTT | G31: 6h-14h | I31: 7h-15h | J31: - | K31: R-CM | L31: 2h +FT | M31: - | O31: AM | P31: R-CM | S31: 7h-15h | T31: F | U31: D | V31: Abs | W31: N | X31: DS-CE | Y31: N | Z31: Abs
B32: 22 | C32: AM | D32: D | E32: D | F32: Abs | G32: 7h-15h | H32: D | I32: - | J32: D | K32: N | L32: R-CM | M32: - | N32: D | O32: PM | P32: R-CM | S32: 7h-15h | T32: 3h rhs | U32: - | V32: Abs | W32: AM | X32: R-CM | Y32: - | Z32: Abs
B33: 23 | C33: PM | D33: 1h RTT | E33: N | F33: Abs | G33: 7h-15h | I33: - | K33: N | L33: R-CM | M33: AM | N33: 8h +FT | O33: PM | P33: VA | S33: 7h-15h | T33: F | U33: - | V33: Abs | W33: - | Y33: AM | Z33: Abs
B34: 24 | C34: PM | E34: N | F34: Abs | G34: - | I34: - | K34: N | L34: R-CM | M34: AM | O34: PM | P34: VA | S34: - | U34: - | V34: Abs | W34: - | X34: 2h RTT | Y34: AM | Z34: Abs
B35: 25 | C35: PM | E35: N | F35: Abs | G35: - | H35: 2h +FT | I35: - | K35: N | L35: R-CM | M35: AM | O35: PM | P35: VA | S35: - | U35: - | V35: Abs | W35: - | Y35: PM | Z35: Abs
B36: 26 | C36: N | D36: VA | E36: - | G36: AM | I36: 7h-15h | J36: F | K36: - | L36: 1h +FT | M36: PM | O36: N | P36: R-CM | S36: AM | T36: poly. Arr. | U36: D | V36: Abs | W36: 7h-15h | X36: F | Y36: PM | Z36: Abs
B37: 27 | C37: N | D37: 18h-06h | E37: - | G37: 06h-18h | H37: 4h +FT | I37: 7h-15h | J37: F | K37: - | M37: PM | N37: Abs | O37: N | P37: 4h RTT | S37: AM | T37: RHS | U37: D | V37: Abs | W37: 7h-15h | X37: F | Y37: PM | Z37: Abs
B38: 28 | C38: - | E38: +CPPT | F38: 18h-06h | G38: 06h-18h | H38: 4h +FT | I38: 7h-15h | J38: 2,25h RHS | K38: D-CPPT | L38: 1h rhs | M38: N | N38: Abs | O38: - | S38: PM | T38: RHS | U38: D | V38: Abs | W38: 7h-15h | X38: R | Y38: N | Z38: Abs
B39: 29 | C39: - | E39: AM | F39: 18h-06h | G39: PM | H39: Abs | I39: 7h-15h | J39: 6h-18h | K39: AM | L39: R-CM | M39: N | N39: Abs | O39: - | S39: PM | T39: VA | U39: D | V39: Abs | W39: - | Y39: N | Z39: Abs
B40: 30 | C40: N | D40: RTT | E40: PM | F40: VA | G40: AM | H40: Abs | I40: 6h-18h | J40: 4h +FT | K40: PM | L40: 4h RTT | M40: - | O40: AM | P40: Abs | S40: 18h-06h | T40: R-CM | U40: D | V40: Abs | W40: - | Y40: - | Z40: Abs
B41: 31 | C41: AM | D41: N | E41: PM | F41: Abs | G41: N | H41: 8h -FT | I41: - | J41: 16h-19h | K41: PM | L41: VA | M41: - | O41: R-CM | P41: 06h-16h | S41: N | T41: 19h-22h | U41: - | V41: Abs | W41: - | Y41: - | Z41: Abs
B42: 1 | C42: AM | D42: N | E42: PM | G42: N | H42: 8h -FT | I42: - | K42: PM | L42: VA | M42: - | O42: AM | P42: R-CM | S42: N | T42: poly-arr | U42: - | V42: Abs | W42: - | Y42: - | Z42: Abs
B43: 2 | C43: PM | D43: Abs | E43: N | F43: 18h-06h | G43: 7h-15h | H43: 8h +FT | I43: AM | J43: 4h +FT | K43: N | L43: VA | M43: D | N43: 7h-15h | O43: PM | P43: poly. Arr. | S43: - | T43: 4h +FT | U43: AM | V43: Abs | W43: 7h-15h | X43: R | Y43: H. flott. | Z43: CP
A44: F | B44: 3 | C44: PM | D44: Abs | E44: N | F44: 18h-06h | G44: 7h-15h | H44: 8h +FT | I44: AM | J44: 06h-18h | K44: N | L44: VA | M44: D | N44: 7h-15h | O44: PM | P44: poly. Arr. | S44: - | U44: AM | V44: Abs | W44: 7h-15h | X44: F | Y44: H. flott. | Z44: CP
A45: E | B45: 4 | C45: N | E45: - | G45: AM | H45: 1h RTT | I45: PM | K45: - | L45: 4h -FT | M45: D | N45: 7h-15h | O45: PM | P45: poly. Arr. | S45: AM | T45: R | U45: PM | V45: Abs | W45: 7h-15h | X45: R | Y45: H. flott. | Z45: CP
A46: V | B46: 5 | C46: N | D46: PM | E46: - | G46: AM | I46: PM | J46: N | K46: - | M46: - | N46: 7h-15h | O46: PM - poly. Arr. | P46: 2h +FT | S46: AM | T46: RHS | U46: PM | V46: Abs | W46: 7h-15h | X46: 4h RTT | Y46: -
A47: R | B47: 6 | C47: - | E47: AM | F47: PM | G47: AM | H47: 2h RTT | I47: N | K47: AM | L47: VA | M47: - | N47: 7h-15h | O47: - | S47: PM | T47: RHS | U47: N | V47: Abs | W47: 7h-15h | Y47: -
A48: I | B48: 7 | C48: - | E48: AM | F48: PM | G48: PM | H48: AM | I48: N | K48: AM | L48: VA | M48: - | O48: - | S48: PM | T48: 1h -FT | U48: N | V48: Abs | W48: - | Y48: -
A49: E | B49: 8 | C49: - | E49: AM | F49: PM | G49: PM | H49: AM | I49: N | K49: AM | L49: VA | M49: - | O49: - | S49: PM | T49: distil. | U49: N | V49: Abs | W49: - | Y49: -
A50: R | B50: 9 | C50: 7h-15h | D50: CP | E50: PM | G50: N | I50: - | K50: PM | L50: R | M50: D | N50: CP | O50: 8h-12h | P50: 1h RTT | S50: N | T50: RHS | U50: - | V50: Abs | W50: AM | X50: meunerie | Y50: H. flott. | Z50: RJF
B51: 10 | C51: 7h-15h | D51: CP | E51: PM | G51: N | I51: 11h-15h30' | J51: 4h +FT | K51: PM | L51: poly. Arr. | M51: D | N51: CP | O51: H. flott. | P51: Abs | S51: N | T51: poly-arr | U51: - | V51: Abs | W51: AM | X51: R-CM | Y51: H. flott. | Z51: Abs
B52: 11 | C52: 7h-15h | D52: CP | E52: N | G52: - | I52: 7h-15h | J52: 1h rhs | K52: N | L52: R-CM | M52: D | N52: CP | O52: 7h-12h | P52: 3h RTT | S52: - | U52: AM | V52: Abs | W52: PM | X52: R-CM | Y52: H. flott. | Z52: RJF
B53: 12 | C53: - | E53: N | F53: 18h-06h | G53: - | I53: AM | J53: 06h-18h | K53: N | L53: DS | M53: D | N53: DS | O53: H. flott. | P53: Chaudières | S53: - | T53: 3h +FT | U53: AM | V53: Abs | W53: PM | X53: DS | Y53: H. flott. | Z53: RJF
B54: 13 | C54: - | E54: - | G54: 6h-18h | H54: 4h +FT | I54: PM | K54: - | M54: D | N54: - | O54: - | P54: H. flott. | S54: AM | T54: RHS | U54: PM | V54: Abs | W54: N | X54: R-CM | Y54: H. flott. | Z54: RJF
A55: 2 | B55: 14 | C55: - | E55: - | G55: AM | I55: PM | K55: - | M55: - | O55: - | S55: AM | U55: PM | V55: Abs | W55: N | X55: R-CM | Y55: -
A56: 0 | B56: 15 | C56: - | E56: - | G56: AM | H56: 1h +FT | I56: PM | J56: 8h -FT | K56: - | L56: R-CM | M56: - | O56: - | S56: R-CM | T56: 3h -FT | U56: PM | V56: Abs | W56: N | X56: R-CM | Y56: -
A57: 2 | B57: 16 | C57: 06h-18h | D57: 4h +FT | E57: 7h-15h | F57: RHS | G57: PM | H57: SD26 | I57: N | J57: SD26 | K57: 7h-15h | L57: CP | M57: AM | N57: - | O57: H. flott. | P57: - | S57: R-CM | T57: 18h-06h | U57: N | V57: Abs | W57: - | X57: 4h +FT | Y57: AM | Z57: meunerie
A58: 6 | B58: 17 | C58: 7h-15h | D58: AM | E58: 7h-15h | F58: RHS | G58: PM | H58: SD26 | I58: N | J58: 1h rhs | K58: 7h-15h | L58: CP | M58: 06h-18h | N58: 4h +FT | O58: H. flott. | P58: - | S58: R-CM | T58: 18h-06h | U58: N | V58: Abs | W58: - | Y58: AM | Z58: meunerie
B59: 18 | C59: 7h-15h | E59: 7h-15h | F59: 1/2VA | G59: N | H59: TP | I59: SD26 | J59: 8h +FT | K59: 7h-15h | L59: AM | M59: PM | N59: DS-CE | O59: H. flott. | P59: VA | S59: N | T59: R-CM | U59: - | V59: Abs | W59: AM | X59: DS-CE | Y59: PM | Z59: R-CM
B60: 19 | C60: 7h-15h | E60: SD26 | F60: 8h +FT | G60: N | H60: SD26 | I60: SD26 | J60: 7h +FT | K60: 18h-06h | L60: 8h +FT | M60: 06h-18h | N60: 4h +FT | O60: H. flott. | P60: VA | S60: N | T60: RHS | U60: - | V60: Abs | W60: AM | X60: R | Y60: PM | Z60: Abs
B61: 20 | C61: 7h-15h | D61: 1h RTT | E61: SD26 | F61: 4h +FT | G61: - | H61: SD26 | I61: AM | J61: SD26 | K61: - | L61: 4h +FT | M61: N | O61: H. flott. | P61: VA | S61: - | U61: AM | V61: Abs | W61: PM | X61: R-CM | Y61: N | Z61: Abs
B62: 21 | C62: - | E62: - | G62: - | H62: - | I62: AM | J62: 8h -FT | K62: - | M62: N | O62: - | P62: SD26 | S62: - | U62: AM | V62: Abs | W62: PM | X62: R-CM | Y62: N | Z62: Abs
B63: 22 | C63: - | E63: - | G63: - | H63: - | I63: AM | J63: 8h -FT | K63: - | M63: N | N63: PM | O63: - | P63: - | S63: - | U63: AM | V63: Abs | W63: R-CM | X63: N | Y63: N | Z63: Abs
B64: 23 | C64: 18h-06h | D64: 4h +FT | E64: 7h-15h | F64: SD26 | G64: 7h-15h | H64: SD26 | I64: PM | J64: SD26 | K64: 7h-15h | M64: - | O64: AM | P64: SD26 | S64: 7h-15h | T64: - | U64: PM | V64: Abs | W64: N | X64: 1h rhs | Y64: - | Z64: Abs
B65: 24 | C65: 18h-06h | D65: 4h +FT | E65: 7h-15h | F65: SD26 | G65: 7h-15h | H65: TP | I65: SD26 | J65: 3h rhs | K65: 6h-12h | L65: 2h -FT | M65: - | O65: AM | P65: SD26 | S65: 7h-15h | T65: - | U65: PM | V65: Abs | W65: N | X65: RTT | Y65: - | Z65: Abs
B66: 25 | C66: PM | D66: N | E66: 7h-15h | F66: 2h RTT | G66: 7h-15h | H66: SD26 | I66: PM | J66: D-CPPT | K66: 7h-15h | L66: D-CPPT | M66: AM | O66: PM | P66: SD26 -F | S66: 7h-15h | T66: SD26 | U66: N | V66: Abs | W66: - | Y66: AM | Z66: Abs
B67: 26 | C67: PM | D67: N | E67: 7h-15h | F67: SD26 | G67: - | H67: SD26 | I67: PM | K67: 7h-15h | L67: F | M67: AM | O67: PM | P67: F | S67: - | T67: D-F | U67: N | V67: Abs | W67: - | Y67: AM | Z67: Abs
B68: 27 | C68: N | E68: 7h-15h | F68: SD26 | G68: - | H68: SD26 | I68: SD26 | J68: 8h +FT | K68: 7h-15h | L68: F | M68: PM | O68: N | P68: F | S68: - | T68: D-F | U68: - | V68: Abs | W68: AM | X68: 1/2RJF | Y68: PM | Z68: Abs
B69: 28 | C69: N | D69: 3h -FT | E69: - | G69: - | H69: - | I69: - | K69: - | M69: PM | N69: 3h +FT | O69: N | P69: - | S69: - | U69: - | V69: Abs | W69: AM | X69: R-CM | Y69: PM | Z69: Abs
B70: 1 | C70: N | E70: - | G70: - | H70: - | I70: - | K70: - | L70: 1h RTT | M70: PM | O70: N | P70: - | S70: - | U70: - | V70: Abs | W70: AM | X70: distill. | Y70: PM | Z70: Abs
B71: 2 | C71: - | E71: AM | F71: SD26 | G71: 7h-15h | H71: SD26 | I71: 7h-15h | J71: SD26 | K71: AM | L71: R-CM | M71: N | O71: - | P71: SD26 | S71: 7h-15h | T71: 1h RTT | U71: D | V71: Abs | W71: PM | X71: R-CM | Y71: N | Z71: Abs
A72: M | B72: 3 | C72: - | E72: AM | F72: SD26 | G72: 7h-15h | H72: SD26 | I72: 7h-15h | J72: SD26 | K72: AM | L72: R-CM | M72: N | N72: 1h RTT | O72: - | P72: SD26 | S72: 7h-15h | T72: 1h RTT | U72: D | V72: Abs | W72: R-CM | X72: 1h +FT | Y72: N | Z72: Abs
A73: A | B73: 4 | C73: AM | D73: N | E73: PM | F73: SD26 | G73: 7h-15h | H73: SD26 | I73: 7h-15h | J73: SD26 | K73: PM | L73: R-CM | M73: - | O73: AM | P73: SD26 | S73: 7h-15h | T73: 2h RTT | U73: D | V73: Abs | W73: N | X73: DTT | Y73: - | Z73: Abs
A74: R | B74: 5 | C74: AM | D74: N | E74: AM | F74: 2h RTT | G74: 7h-15h | H74: 2h RTT | I74: - | J74: SD26 | K74: R-CM | L74: 1h -FT | M74: - | O74: AM | P74: SD26 | S74: 7h-15h | T74: SD26 | U74: - | V74: Abs | W74: N | X74: poly. Arr. | Y74: -
A75: S | B75: 6 | C75: PM | D75: VA | E75: N | F75: SD26 | G75: 7h-15h | H75: 1h RTT | I75: - | J75: SD26 | K75: N | L75: R-CM | M75: AM | O75: PM | P75: 2h RTT | S75: 7h-15h | T75: 3h RTT | U75: - | V75: Abs | W75: - | Y75: PM | Z75: R-CM
B76: 7 | C76: PM | D76: 8h -FT | E76: N | F76: - | G76: - | H76: 7h-14h | I76: - | K76: R-CM | L76: 1h -FT | M76: AM | O76: PM | S76: - | T76: 2h +FT | U76: - | V76: Abs | W76: - | Y76: R-CM | Z76: 1h +FT
B77: 8 | C77: PM | D77: 8h -FT | E77: N | F77: 2H RTT | G77: - | H77: 4h +FT | I77: - | K77: N | L77: Abs | M77: AM | O77: PM | S77: - | T77: 4h +FT | U77: - | V77: Abs | W77: - | Y77: PM | Z77: R-CM
A78: 2 | B78: 9 | C78: N | D78: PM | E78: - | F78: - | G78: AM | H78: SD26 | I78: 7h-15h | J78: SD26 | K78: - | L78: Abs | M78: PM | N78: N | O78: N | P78: SD26 | S78: AM | T78: R-CM | U78: D | V78: Abs | W78: 6h-17h | Y78: PM | Z78: terr arr
A79: 0 | B79: 10 | C79: N | D79: PM | E79: - | F79: SD26 | G79: AM | H79: SD26 | I79: 7h-15h | J79: SD26 | K79: - | L79: Abs | M79: PM | N79: N | O79: N | P79: SD26 | S79: AM | T79: R-CM | U79: D | V79: Abs | W79: 7h-15h | X79: 1h RTT | Y79: PM | Z79: terr arr
A80: 2 | B80: 11 | C80: - | E80: AM | F80: SD26 | G80: PM | H80: TP | I80: 7h-15h | J80: SD26 | K80: AM | L80: Abs | M80: N | O80: - | P80: SD26/ Abs | S80: PM | T80: R-CM | U80: D | V80: Abs | W80: AM | X80: R-CM | Y80: N | Z80: Abs
A81: 6 | B81: 12 | C81: N | D81: 8h +FT | E81: AM | F81: SD26 | G81: PM | H81: SD26 | I81: 7h-15h | J81: SD26 | K81: AM | L81: Abs | M81: N | N81: Abs | O81: - | P81: SD26 | S81: PM | T81: R-CM | U81: D | V81: Abs | W81: - | Y81: N | Z81: Abs
B82: 13 | C82: 18h-06h | D82: 4h +FT | E82: PM | F82: 2h RTT | G82: N | H82: SD26 | I82: 7h-15h | J82: SD26+R | K82: PM | L82: Abs | M82: - | O82: AM | P82: SD26 | S82: 06h-18h | T82: 2h RTT | U82: D | V82: Abs | W82: - | Y82: -
B83: 14 | C83: AM | D83: N | E83: PM | G83: N | H83: 8h -FT | I83: - | K83: PM | L83: Abs | M83: - | O83: AM | P83: 4h RTT | S83: AM | T83: R-CM | U83: - | V83: Abs | W83: - | X83: 4h +FT | Y83: -
B84: 15 | C84: AM | D84: N | E84: PM | F84: - | G84: N | H84: 8h -FT | I84: - | K84: AM | L84: Abs | M84: - | N84: AM | O84: AM | P84: 1h RTT | S84: N | T84: PM | U84: - | V84: Abs | W84: - | Y84: -
A85: SHUT-DOWN 2026 | B85: 16 | C85: PM | E85: N | F85: SD26 | G85: 06h-18h | H85: 8h +FT | I85: AM | J85: SD26 | K85: N | L85: R-CM | M85: SD26 | N85: 1h +FT | O85: PM | P85: SD 26 | S85: - | T85: 06h-18h | U85: AM | V85: Abs | W85: 06h-15h | X85: R-CM/VM | Y85: H. flott. | Z85: CP
B86: 17 | C86: PM | E86: N | F86: 1/2VA | G86: - | H86: 8h +FT | I86: AM | J86: SD26 | K86: N | L86: R-CM | M86: SD26 | N86: 2h +FT | O86: PM | P86: SD 26 | S86: - | T86: 06h-17h | U86: AM | V86: Abs | W86: AM | X86: R-CM | Y86: H. flott. | Z86: CP
B87: 18 | C87: N | D87: PM | E87: - | F87: SD26 | G87: AM | H87: SD 26 | I87: PM | J87: SD26 | K87: N | L87: R-CM | M87: D | N87: DS-CE | O87: N | P87: SD 26 | S87: AM | T87: SD26 | U87: PM | V87: Abs | W87: AM | X87: R-CM | Y87: H. flott. | Z87: CP
B88: 19 | C88: N | D88: PM | E88: - | F88: - | G88: AM | H88: SD 26 | I88: PM | J88: SD26 | K88: R-CM | L88: 8h +FT | M88: AM | N88: 8h +FT | O88: N | P88: SD 26 | S88: AM | T88: VA | U88: PM | V88: Abs | W88: AM | X88: R-CM | Y88: -
B89: 20 | C89: N | D89: 8h +FT | E89: AM | F89: SD26 | G89: PM | H89: SD 26 | I89: N | J89: SD26 | K89: AM | L89: - | M89: 06h-18h | N89: 8h +FT | O89: - | P89: SD 26 | S89: R-CM | T89: 1/2VA | U89: N | V89: Abs | W89: 06h-18h | X89: R-CM | Y89: -
B90: 21 | C90: - | E90: AM | F90: SD26 | G90: PM | H90: 06h-18h | I90: N | J90: SD26 | K90: R-CM | L90: 18h-6h | M90: - | N90: 7h-16h | O90: - | P90: SD 26 | S90: PM | T90: 6h-18 | U90: N | V90: Abs | W90: - | X90: 6h-18h | Y90: -
B91: 22 | C91: - | E91: AM | F91: SD26 | G91: PM | H91: 3h -FT | I91: SD26 | J91: 1h -FT | K91: R-CM | L91: 18h-6h | M91: - | N91: 7h-15h | O91: - | S91: PM | T91: 6h-18 | U91: N | V91: Abs | W91: - | X91: AM | Y91: -
B92: 23 | C92: PM | D92: 8h +FT | E92: PM | F92: SD26 | G92: N | H92: SD 26 | I92: - | J92: SD26 | K92: N | L92: R-CM | M92: D | N92: SD26 | O92: H. flott. | P92: SD 26 | S92: 06h-15h | T92: 1h +FT | U92: - | V92: Abs | W92: AM | X92: R-CM | Y92: H. flott. | Z92: Abs
B93: 24 | C93: PM | D93: 8h +FT | E93: PM | F93: SD26 | G93: N | H93: TP | I93: - | J93: SD26 | K93: N | L93: R-CM | M93: D | N93: SD26 | O93: H. flott. | P93: SD 26 | S93: N | T93: 1h +FT | U93: - | V93: Abs | W93: AM | X93: R-CM | Y93: H. flott. | Z93: Abs
B94: 25 | C94: 7h-15h | D94: CP | E94: N | F94: D-CPPT | G94: SD 26 | H94: 8h +FT | I94: AM | J94: D-CPPT | K94: N | L94: R-CM | M94: D | N94: AM | O94: H. flott. | P94: 2,5h RHS | S94: 06h-15h | T94: 1h +FT | U94: AM | V94: Abs | W94: PM | X94: R-CM | Y94: H. flott. | Z94: Abs
B95: 26 | C95: 7h-15h | D95: CP | E95: N | F95: SD26 | G95: SD 26 | H95: 8h +FT | I95: AM | J95: SD26 | K95: N | L95: R-CM | M95: D | N95: CP | O95: SD 26 | P95: 8h +FT | S95: SD26 | T95: 8h +FT | U95: AM | V95: Abs | W95: PM | X95: R-CM | Y95: AM | Z95: R-CM
B96: 27 | C96: 7h-15h | D96: CP | E96: - | F96: SD26 | G96: AM | H96: 1h +FT | I96: PM | J96: SD26 | K96: - | M96: D | N96: CP | O96: - | P96: SD 26 | S96: AM | T96: VA | U96: PM | V96: Abs | W96: N | X96: R-CM | Y96: PM | Z96: R-CM
B97: 28 | C97: - | E97: 6h-18h | F97: SD26 | G97: AM | I97: PM | J97: 8h -FT | K97: - | M97: - | N97: 2h +FT | O97: - | P97: SD 26 | S97: AM | T97: SD26 | U97: PM | V97: Abs | W97: 18h-6h | X97: R-CM | Y97: -
B98: 29 | C98: - | D98: 10h-18h | E98: 6h-10h | F98: SD26 | G98: AM | H98: 3h -FT | I98: PM | J98: SD26 | K98: - | M98: - | N98: 4h +FT | O98: - | P98: 3h +FT | S98: AM | T98: 3h -FT | U98: PM | V98: Abs | W98: 18h-6h | X98: R-CM | Y98: -
B99: 30 | C99: 7h-15h | D99: 6h-14h | E99: 7h-15h | F99: RHS | G99: PM | H99: SD 26 | I99: N | J99: SD26 | K99: 7h-15h | L99: N | M99: AM | O99: H. flott. | P99: SD 26 | S99: PM | T99: SD26 | U99: N | V99: Abs | W99: - | Y99: PM | Z99: R-CM
B100: 31 | C100: 6h-14h | D100: 3h RTT | E100: 7h-15h | F100: SD26 | G100: PM | H100: SD 26 | I100: N | J100: SD26 | K100: 7h-15h | L100: N | M100: AM | O100: H. flott. | P100: SD 26 | S100: PM | T100: SD26 | U100: N | V100: Abs | W100: - | Y100: PM | Z100: R-CM
B101: 1 | C101: 7h-15h | D101: 6h-14h | E101: 7h-15h | F101: SD26 | G101: N | H101: TP | I101: - | J101: 8h +FT | K101: 7h-15h | L101: N | M101: PM | N101: AM | O101: SD 26 | P101: 3h +FT | S101: N | T101: 4h +FT | U101: - | V101: Abs | W101: AM | X101: rhs | Y101: PM | Z101: R-CM
A102: A | B102: 2 | C102: 7h-15h | D102: VA | E102: - | F102: 7h +FT | G102: N | H102: SD 26 | I102: - | J102: 8h +FT | K102: - | L102: N | M102: PM | N102: AM | O102: SD 26 | P102: 3h +FT | S102: N | T102: 1h +FT | U102: - | V102: Abs | W102: AM | X102: rhs | Y102: PM | Z102: R-CM
...

Sheet Polyvalence
A2: PRODUCTION
A3: Mat | B3: Nom | C3: Prénom | D3: Degré de Polyvalence | F3: Meunerie | G3: Gluten | H3: Fermentation | I3: Distillation | J3: Chaudières | K3: STEP
A5: 200173 | B5: CGI | C5: CGI | D5: G | E5: =COUNTA(F5:K5) -> 1 | F5: X
A6: 200215 | B6: SPT | C6: SPT | D6: G | E6: =COUNTA(F6:K6) -> 1 | G6: X
A7: 200138 | B7: GBT | C7: GBT | D7: G | E7: =COUNTA(F7:K7) -> 1 | G7: X
A8: 200172 | B8: PDR | C8: PDR | D8: G | E8: =COUNTA(F8:K8) -> 1 | I8: X
A9: 200063 | B9: CAN | C9: CAN | D9: G | E9: =COUNTA(F9:K9) -> 1 | K9: X
A10: 200209 | B10: IME | C10: IME | D10: G | E10: =COUNTA(F10:K10) -> 1 | G10: X
A11: 200097 | B11: PKL | C11: PDR | D11: G | E11: =COUNTA(F11:K11) -> 1 | H11: X
A12: 200218 | B12: LCI | C12: LCI | D12: G | E12: =COUNTA(F12:K12) -> 1 | H12: X
A13: 200090 | B13: APN | C13: APN | D13: G | E13: =COUNTA(F13:K13) -> 1 | H13: X
A14: 200096 | B14: DBE | C14: DBE | D14: G | E14: =COUNTA(F14:K14) -> 1 | G14: X
A15: 200260 | B15: ALZ | C15: ALZ | D15: G | E15: =COUNTA(F15:K15) -> 2 | H15: X | I15: X
A16: 200261 | B16: QBY | C16: QBY | D16: G | E16: 2 | G16: X | I16: X
A17: 200292 | B17: AAI | C17: AAI | D17: G | E17: =COUNTA(F17:K17) -> 2 | H17: X | I17: X
A18: 200291 | B18: CKS | C18: CKS | D18: G | E18: =COUNTA(F18:K18) -> 1 | H18: X
A19: 200293 | B19: GST | C19: GST | D19: G | E19: =COUNTA(F19:K19) -> 1 | H19: X
A20: 200301 | B20: NRD | C20: NRD | D20: G | E20: =COUNTA(F20:K20) -> 1 | G20: X
A21: interim | B21: LHS | C21: LHS | D21: G | E21: =COUNTA(F21:K21) -> 1 | H21: X
A22: 200305 | B22: BBZ | C22: BBZ | D22: G | E22: =COUNTA(F22:K22) -> 1 | I22: X
A23: interim | B23: NPE | C23: NPE | D23: G | E23: =COUNTA(F23:K23) -> 1 | I23: X
A24: 200306 | B24: RDT | C24: RDT | D24: G | E24: =COUNTA(F24:K24) -> 1 | G24: X
A25: interim | B25: LAA | C25: LAA | D25: G | E25: =COUNTA(F25:K25) -> 1 | H25: X
A26: interim | B26: TCE | C26: TCE | D26: G | E26: =COUNTA(F26:K26) -> 1 | F26: X
A27: 200229 | B27: GKT | C27: GKT | D27: G | E27: 1 | H27: X | I27: X
A28: 200267 | B28: YRS | C28: YRS | D28: G | E28: =COUNTA(F28:K28) -> 1 | F28: X
A29: 200093 | B29: ASS | C29: ASS | D29: G | E29: =COUNTA(F29:K29) -> 1 | G29: X
A30: interim | B30: CKS | C30: DKS | D30: G | E30: =COUNTA(F30:K30) -> 1 | F30: X
A31: interim | B31: CDE | C31: CHD | D31: G | E31: 1 | H31: X
A32: interim | B32: SMK | C32: SMK | D32: G | E32: 1 | F32: X
A33: interim | B33: MMS | C33: MMS | D33: G | E33: 1 | G33: X
A34: interim | B34: CJD | C34: CJD | D34: G | E34: 1 | G34: X
A36: 200089 | B36: LHR | C36: LHR | D36: G | E36: =COUNTA(F36:K36) -> 2 | F36: X | G36: X
A37: 200160 | B37: BLR | C37: BLR | D37: G | E37: =COUNTA(F37:K37) -> 2 | F37: X | G37: X
A38: 200120 | B38: GSK | C38: GSK | D38: G | E38: =COUNTA(F38:K38) -> 2 | F38: X | G38: X
A39: 200199 | B39: SVE | C39: SVE | D39: G | E39: =COUNTA(F39:K39) -> 2 | F39: X | G39: X
A40: 200204 | B40: HKB | C40: HKB | D40: G | E40: =COUNTA(F40:K40) -> 2 | F40: X | G40: X
A41: 200092 | B41: SMA | C41: SPT | D41: G | E41: =COUNTA(F41:K41) -> 2 | H41: X | I41: X
A42: 200168 | B42: GDT | C42: GDT | D42: G | E42: =COUNTA(F42:K42) -> 2 | H42: X | I42: X
A43: 200110 | B43: PBY | C43: PBY | D43: G | E43: =COUNTA(F43:K43) -> 2 | G43: X | H43: X
A44: 200273 | B44: SLT | C44: SPT | D44: G | E44: =COUNTA(F44:K44) -> 2 | F44: X | G44: X
A45: 200240 | B45: CWN | C45: CJD | D45: G | E45: =COUNTA(F45:K45) -> 2 | G45: X | K45: X
A47: 200188 | B47: JKS | C47: JKS | D47: G | E47: =COUNTA(F47:K47) -> 3 | F47: X | G47: X | H47: X
A48: 200177 | B48: PDE | C48: PDE | D48: G | E48: =COUNTA(F48:K48) -> 3 | H48: X | I48: X | K48: X
A50: 200107 | B50: PAM | C50: PAM | D50: G | E50: 2 | F50: X | G50: X | H50: X | I50: X
A52: 200224 | B52: MHI | C52: MHI | D52: H | E52: =COUNTA(F52:K52) -> 1 | J52: X
A53: 200122 | B53: GBT | C53: GBT | D53: H | E53: =COUNTA(F53:K53) -> 1 | J53: X
A54: 200180 | B54: KDN | C54: KDN | D54: H | E54: =COUNTA(F54:K54) -> 1 | J54: X
A55: 200234 | B55: GJR | C55: GJR | D55: H | E55: =COUNTA(F55:K55) -> 1 | J55: X
A56: 200262 | B56: SPS | C56: SPS | D56: H | E56: 2 | I56: X | J56: X
A57: 200271 | B57: RCO | C57: RCO | D57: H | E57: =COUNTA(F57:K57) -> 1 | J57: X
A58: 200272 | B58: DCI | C58: DCI | D58: H | E58: =COUNTA(F58:K58) -> 1 | J58: X
A59: 200279 | B59: ADK | C59: ADK | D59: H | E59: =COUNTA(F59:K59) -> 1 | J59: X
A60: 200281 | B60: QDE | C60: QBY | D60: H | E60: =COUNTA(F60:K60) -> 1 | J60: X
A61: 200282 | B61: ADS | C61: ADS | D61: H | E61: =COUNTA(F61:K61) -> 1 | J61: X
A62: interim | B62: JBY | C62: JBA | D62: H | E62: 1 | J62: X
A63: interim | B63: JBS | C63: JBS | D63: H | E63: 1 | J63: X
A65: 200181 | B65: LAX | C65: LHR | D65: H | E65: =COUNTA(F65:K65) -> 2 | G65: X | J65: X
A66: 200304 | B66: PDE | C66: PDF | D66: H | E66: =COUNTA(F66:K66) -> 2 | J66: X | K66: X
A67: 200233 | B67: LDY | C67: LHS | D67: H | E67: 2 | F67: X | J67: X
A70: 200054 | B70: CKS | C70: SVE | D70: H | E70: =COUNTA(F70:K70) -> 3 | H70: X | I70: X | J70: X
A71: 200207 | B71: GPO | C71: GPO | D71: H | E71: =COUNTA(F71:K71) -> 4 | G71: X | H71: X | I71: X | J71: X
A72: 200288 | B72: QDE | C72: CDE | D72: H | E72: =COUNTA(F72:K72) -> 4 | F72: X | H72: X | I72: X | J72: X
A73: 200133 | B73: DWS | C73: DWS | D73: H | E73: =COUNTA(F73:K73) -> 3 | H73: X | I73: X | J73: X
B75: =COUNTA(B5:B73) -> 62
A76: Assistant usine | B76: BBZ | C76: SBZ | F76: X | G76: X | H76: X | I76: X | J76: X
A77: Assistant usine | B77: PLZ | C77: PLZ | F77: X | G77: X | H77: X | I77: X | J77: X
A78: Assistant usine | B78: FLN | C78: FLN | F78: X | G78: X | H78: X | I78: X | J78: X
A79: Assistant usine | B79: FPS | C79: FLN | F79: X | G79: X | H79: X | I79: X | J79: X
A81: Adj CM | B81: JBI | C81: JBI | F81: X | G81: X | H81: X | I81: X | J81: X
A82: Adj CM | B82: YBT | C82: YBT | F82: X | G82: X | H82: X | I82: X | J82: X
A83: Adj CM | B83: VBN | C83: VBN | F83: X | G83: X | H83: X | I83: X | J83: X
A84: Adj CM | B84: VGG | C84: VBN | F84: X | G84: X | H84: X | I84: X | J84: X
A85: Adj CM | B85: FPA | C85: FPA | F85: X | G85: X | H85: X | I85: X | J85: X
A86: Adj CM | B86: ATR | C86: ATR | F86: X | G86: X | H86: X | I86: X | J86: X
M107: Meunerie
M108: Gluten
M109: Fermentation
M110: Distillation
M111: Polyvalent arrière
M112: Chaudières
M113: Step
M114: Tous

Sheet Personnel
A2: Nom | B2: Initiales
A3: 0 | B3: =""
A4: VGG | B4: VGG
A5: PAM | B5: PAM
A6: LAX | B6: LAX
A7: GBT | B7: GBT
A8: FBY | B8: FBY
A9: PBY | B9: PBY
A10: JBI | B10: JBI
A11: GBT | B11: GBT
A12: DBE | B12: DBE
A13: VBN | B13: VBN
A14: LCI | B14: LCI
A15: LDT | B15: LDT
... A58: YBT | B58: YBT

Sheet Récapitulatif (1)
C1: P.arr | F1: Ferm. | I1: Disti. | L1: Meun. | O1: Gluten | R1: P.avt 1 | U1: P.avt 2 | X1: Intérimaire | AA1: Chaud. 1 | AD1: Chaud. 2 | AG1: Ass
A2: Shift 1 | C2: =Shift1!O8 -> 0 | E2: =VLOOKUP(C2,Personnel!$A$3:$B$100,2,0) | F2: =Shift1!Q$8 -> 0 | H2: =VLOOKUP(F2,Personnel!$A$3:$B$100,2,0) | I2: =Shift1!S$8 -> 0 | K2: =VLOOKUP(I2,Personnel!$A$3:$B$100,2,0) | L2: =Shift1!U$8 -> 0 | N2: =VLOOKUP(L2,Personnel!$A$3:$B$100,2,0) | O2: =Shift1!W$8 -> 0 | Q2: =VLOOKUP(O2,Personnel!$A$3:$B$100,2,0) | R2: =Shift1!Y$8 -> 0 | T2: =VLOOKUP(R2,Personnel!$A$3:$B$100,2,0) | U2: =Shift1!AA$8 -> 0 | W2: =VLOOKUP(U2,Personnel!$A$3:$B$100,2,0) | X2: =Shift1!AC$8 -> 0 | Z2: =VLOOKUP(X2,Personnel!$A$3:$B$100,2,0) | AA2: =Shift1!AG$8 -> 0 | AC2: =VLOOKUP(AA2,Personnel!$A$3:$B$100,2,0) | AD2: =Shift1!AI$8 -> 0 | AF2: =VLOOKUP(AD2,Personnel!$A$3:$B$100,2,0) | AG2: =Shift1!C8 -> 0 | AI2: =VLOOKUP(AG2,Personnel!$A$3:$B$100,2,0)
A3: Shift 2 | C3: =Shift2!O8 -> 0 | E3: =VLOOKUP(C3,Personnel!$A$3:$B$100,2,0) | F3: =Shift2!Q$8 -> 0 | H3: =VLOOKUP(F3,Personnel!$A$3:$B$100,2,0) | I3: =Shift2!S$8 -> 0 | K3: =VLOOKUP(I3,Personnel!$A$3:$B$100,2,0) | L3: =Shift2!U$8 -> 0 | N3: =VLOOKUP(L3,Personnel!$A$3:$B$100,2,0) | O3: =Shift2!W$8 -> 0 | Q3: =VLOOKUP(O3,Personnel!$A$3:$B$100,2,0) | R3: =Shift2!Y$8 -> 0 | T3: =VLOOKUP(R3,Personnel!$A$3:$B$100,2,0) | U3: =Shift2!AA$8 -> 0 | W3: =VLOOKUP(U3,Personnel!$A$3:$B$100,2,0) | X3: =Shift2!AC$8 -> 0 | Z3: =VLOOKUP(X3,Personnel!$A$3:$B$100,2,0) | AA3: =Shift2!AG$8 -> 0 | AC3: =VLOOKUP(AA3,Personnel!$A$3:$B$100,2,0) | AD3: =Shift2!AI$8 -> 0 | AF3: =VLOOKUP(AD3,Personnel!$A$3:$B$100,2,0) | AG3: =Shift1!E8 -> 0 | AI3: =VLOOKUP(AG3,Personnel!$A$3:$B$100,2,0)
A4: Shift 3 | C4: =Shift3!O8 -> 0 | E4: =VLOOKUP(C4,Personnel!$A$3:$B$100,2,0) | F4: =Shift3!Q$8 -> 0 | H4: =VLOOKUP(F4,Personnel!$A$3:$B$100,2,0) | I4: =Shift3!S$8 -> 0 | K4: =VLOOKUP(I4,Personnel!$A$3:$B$100,2,0) | L4: =Shift3!U$8 -> 0 | N4: =VLOOKUP(L4,Personnel!$A$3:$B$100,2,0) | O4: =Shift3!W$8 -> 0 | Q4: =VLOOKUP(O4,Personnel!$A$3:$B$100,2,0) | R4: =Shift3!Y$8 -> 0 | T4: =VLOOKUP(R4,Personnel!$A$3:$B$100,2,0) | U4: =Shift3!AA$8 -> 0 | W4: =VLOOKUP(U4,Personnel!$A$3:$B$100,2,0) | X4: =Shift3!AC$8 -> 0 | Z4: =VLOOKUP(X4,Personnel!$A$3:$B$100,2,0) | AA4: =Shift3!AG$8 -> 0 | AC4: =VLOOKUP(AA4,Personnel!$A$3:$B$100,2,0) | AD4: =Shift3!AI$8 -> 0 | AF4: =VLOOKUP(AD4,Personnel!$A$3:$B$100,2,0) | AG4: =Shift1!G8 -> 0 | AI4: =VLOOKUP(AG4,Personnel!$A$3:$B$100,2,0)
A5: Shift 4 | C5: =Shift4!O8 -> 0 | E5: =VLOOKUP(C5,Personnel!$A$3:$B$100,2,0) | F5: =Shift4!Q$8 -> 0 | H5: =VLOOKUP(F5,Personnel!$A$3:$B$100,2,0) | I5: =Shift4!S$8 -> 0 | K5: =VLOOKUP(I5,Personnel!$A$3:$B$100,2,0) | L5: =Shift4!U$8 -> 0 | N5: =VLOOKUP(L5,Personnel!$A$3:$B$100,2,0) | O5: =Shift4!W$8 -> 0 | Q5: =VLOOKUP(O5,Personnel!$A$3:$B$100,2,0) | R5: =Shift4!Y$8 -> 0 | T5: =VLOOKUP(R5,Personnel!$A$3:$B$100,2,0) | U5: =Shift4!AA$8 -> 0 | W5: =VLOOKUP(U5,Personnel!$A$3:$B$100,2,0) | X5: =Shift4!AC$8 -> 0 | Z5: =VLOOKUP(X5,Personnel!$A$3:$B$100,2,0) | AA5: =Shift4!AG$8 -> 0 | AC5: =VLOOKUP(AA5,Personnel!$A$3:$B$100,2,0) | AD5: =Shift4!AI$8 -> 0 | AF5: =VLOOKUP(AD5,Personnel!$A$3:$B$100,2,0) | AG5: =Shift1!I8 -> 0 | AI5: =VLOOKUP(AG5,Personnel!$A$3:$B$100,2,0)
A6: Shift 5 | C6: =Shift5!O8 -> 0 | E6: =VLOOKUP(C6,Personnel!$A$3:$B$100,2,0) | F6: =Shift5!Q$8 -> 0 | H6: =VLOOKUP(F6,Personnel!$A$3:$B$100,2,0) | I6: =Shift5!S$8 -> 0 | K6: =VLOOKUP(I6,Personnel!$A$3:$B$100,2,0) | L6: =Shift5!U$8 -> 0 | N6: =VLOOKUP(L6,Personnel!$A$3:$B$100,2,0) | O6: =Shift5!W$8 -> 0 | Q6: =VLOOKUP(O6,Personnel!$A$3:$B$100,2,0) | R6: =Shift5!Y$8 -> 0 | T6: =VLOOKUP(R6,Personnel!$A$3:$B$100,2,0) | U6: =Shift5!AA$8 -> 0 | W6: =VLOOKUP(U6,Personnel!$A$3:$B$100,2,0) | X6: =Shift5!AC$8 -> 0 | Z6: =VLOOKUP(X6,Personnel!$A$3:$B$100,2,0) | AA6: =Shift5!AG$8 -> 0 | AC6: =VLOOKUP(AA6,Personnel!$A$3:$B$100,2,0) | AD6: =Shift5!AI$8 -> 0 | AF6: =VLOOKUP(AD6,Personnel!$A$3:$B$100,2,0) | AG6: =Shift1!K8 -> 0 | AI6: =VLOOKUP(AG6,Personnel!$A$3:$B$100,2,0)
AG7: =Shift1!M8 -> 0 | AI7: =VLOOKUP(AG7,Personnel!$A$3:$B$100,2,0)
C9: Matin | L9: Après-midi | U9: Nuit | AD9: Matin | AG9: Ap-midi | AJ9: Nuit
C10: P. arr | D10: Ferm. | E10: Disti. | F10: Meun. | G10: Gluten | H10: P. avt 1 | I10: P. avt 2 | J10: Chaud.1 | K10: Chaud.2 | L10: P. arr | M10: Ferm. | N10: Disti. | O10: Meun. | P10: Gluten | Q10: P. avt 1 | R10: P. avt 2 | S10: Chaud.1 | T10: Chaud.2 | U10: P. arr | V10: Ferm. | W10: Disti. | X10: Meun. | Y10: Gluten | Z10: P. avt 1 | AA10: P. avt 2 | AB10: Chaud.1 | AC10: Chaud.2 | AD10: arr | AE10: avt | AF10: ch | AG10: arr | AH10: avt | AI10: ch | AJ10: arr | AK10: avt | AL10: ch
B11: 1 | C11: =IF(Shift1!O11="AM",$E$2,IF(Shift2!O11="AM",$E$3,IF(Shift3!O11="AM",$E$4,IF(Shift4!O11="AM",$E$5,IF(Shift5!O11="AM",$E$6))))) | D11: =IF(Shift1!Q11="AM",$H$2,IF(Shift2!Q11="AM",$H$3,IF(Shift3!Q11="AM",$H$4,IF(Shift4!Q11="AM",$H$5,IF(Shift5!Q11="AM",$H$6))))) | E11: =IF(Shift1!S11="AM",$K$2,IF(Shift2!S11="AM",$K$3,IF(Shift3!S11="AM",$K$4,IF(Shift4!S11="AM",$K$5,IF(Shift5!S11="AM",$K$6))))) | F11: =IF(Shift1!U11="AM",$N$2,IF(Shift2!U11="AM",$N$3,IF(Shift3!U11="AM",$N$4,IF(Shift4!U11="AM",$N$5,IF(Shift5!U11="AM",$N$6))))) | G11: =IF(Shift1!W11="AM",$Q$2,IF(Shift2!W11="AM",$Q$3,IF(Shift3!W11="AM",$Q$4,IF(Shift4!W11="AM",$Q$5,IF(Shift5!W11="AM",$Q$6))))) -> FALSE | H11: =IF(Shift1!Y11="AM",$T$2,IF(Shift2!Y11="AM",$T$3,IF(Shift3!Y11="AM",$T$4,IF(Shift4!Y11="AM",$T$5,IF(Shift5!Y11="AM",$T$6))))) | I11: =IF(Shift1!AA11="AM",$W$2,IF(Shift2!AA11="AM",$W$3,IF(Shift3!AA11="AM",$W$4,IF(Shift4!AA11="AM",$W$5,IF(Shift5!AA11="AM",$W$6))))) | J11: =IF(Shift1!AG11="AM",$AC$2,IF(Shift2!AG11="AM",$AC$3,IF(Shift3!AG11="AM",$AC$4,IF(Shift4!AG11="AM",$AC$5,IF(Shift5!AG11="AM",$AC$6))))) | K11: =IF(Shift1!AI11="AM",$AF$2,IF(Shift2!AI11="AM",$AF$3,IF(Shift3!AI11="AM",$AF$4,IF(Shift4!AI11="AM",$AF$5,IF(Shift5!AI11="AM",$AF$6))))) -> FALSE | L11: =IF(Shift1!$O11="PM",$E$2,IF(Shift2!$O11="PM",$E$3,IF(Shift3!$O11="PM",$E$4,IF(Shift4!$O11="PM",$E$5,IF(Shift5!$O11="PM",$E$6))))) | M11: =IF(Shift1!$Q11="PM",$H$2,IF(Shift2!$Q11="PM",$H$3,IF(Shift3!$Q11="PM",$H$4,IF(Shift4!$Q11="PM",$H$5,IF(Shift5!$Q11="PM",$H$6))))) | N11: =IF(Shift1!$S11="PM",$K$2,IF(Shift2!$S11="PM",$K$3,IF(Shift3!$S11="PM",$K$4,IF(Shift4!$S11="PM",$K$5,IF(Shift5!$S11="PM",$K$6))))) | O11: =IF(Shift1!$U11="PM",$N$2,IF(Shift2!$U11="PM",$N$3,IF(Shift3!$U11="PM",$N$4,IF(Shift4!$U11="PM",$N$5,IF(Shift5!$U11="PM",$N$6))))) | P11: =IF(Shift1!$W11="PM",$Q$2,IF(Shift2!$W11="PM",$Q$3,IF(Shift3!$W11="PM",$Q$4,IF(Shift4!$W11="PM",$Q$5,IF(Shift5!$W11="PM",$Q$6))))) -> FALSE | Q11: =IF(Shift1!$Y11="PM",$T$2,IF(Shift2!$Y11="PM",$T$3,IF(Shift3!$Y11="PM",$T$4,IF(Shift4!$Y11="PM",$T$5,IF(Shift5!$Y11="PM",$T$6))))) | R11: =IF(Shift1!$AA11="PM",$W$2,IF(Shift2!$AA11="PM",$W$3,IF(Shift3!$AA11="PM",$W$4,IF(Shift4!$AA11="PM",$W$5,IF(Shift5!$AA11="PM",$W$6))))) | S11: =IF(Shift1!$AG11="PM",$AC$2,IF(Shift2!$AG11="PM",$AC$3,IF(Shift3!$AG11="PM",$AC$4,IF(Shift4!$AG11="PM",$AC$5,IF(Shift5!$AG11="PM",$AC$6))))) | T11: =IF(Shift1!$AI11="PM",$AF$2,IF(Shift2!$AI11="PM",$AF$3,IF(Shift3!$AI11="PM",$AF$4,IF(Shift4!$AI11="PM",$AF$5,IF(Shift5!$AI11="PM",$AF$6))))) | U11: =IF(Shift1!$O11="N",$E$2,IF(Shift2!$O11="N",$E$3,IF(Shift3!$O11="N",$E$4,IF(Shift4!$O11="N",$E$5,IF(Shift5!$O11="N",$E$6))))) | V11: =IF(Shift1!$Q11="N",$H$2,IF(Shift2!$Q11="N",$H$3,IF(Shift3!$Q11="N",$H$4,IF(Shift4!$Q11="N",$H$5,IF(Shift5!$Q11="N",$H$6))))) | W11: =IF(Shift1!$S11="N",$K$2,IF(Shift2!$S11="N",$K$3,IF(Shift3!$S11="N",$K$4,IF(Shift4!$S11="N",$K$5,IF(Shift5!$S11="N",$K$6))))) | X11: =IF(Shift1!$U11="N",$N$2,IF(Shift2!$U11="N",$N$3,IF(Shift3!$U11="N",$N$4,IF(Shift4!$U11="N",$N$5,IF(Shift5!$U11="N",$N$6))))) | Y11: =IF(Shift1!$W11="N",$Q$2,IF(Shift2!$W11="N",$Q$3,IF(Shift3!$W11="N",$Q$4,IF(Shift4!$W11="N",$Q$5,IF(Shift5!$W11="N",$Q$6))))) | Z11: =IF(Shift1!$Y11="N",$T$2,IF(Shift2!$Y11="N",$T$3,IF(Shift3!$Y11="N",$T$4,IF(Shift4!$Y11="N",$T$5,IF(Shift5!$Y11="N",$T$6))))) | AA11: =IF(Shift1!$AA11="N",$W$2,IF(Shift2!$AA11="N",$W$3,IF(Shift3!$AA11="N",$W$4,IF(Shift4!$AA11="N",$W$5,IF(Shift5!$AA11="N",$W$6))))) | AB11: =IF(Shift1!$AG11="N",$AC$2,IF(Shift2!$AG11="N",$AC$3,IF(Shift3!$AG11="N",$AC$4,IF(Shift4!$AG11="N",$AC$5,IF(Shift5!$AG11="N",$AC$6))))) | AC11: =IF(Shift1!$AI11="N",$AF$2,IF(Shift2!$AI11="N",$AF$3,IF(Shift3!$AI11="N",$AF$4,IF(Shift4!$AI11="N",$AF$5,IF(Shift5!$AI11="N",$AF$6))))) | AD11: =COUNTIF(C11:E11,"") -> 3 | AE11: =COUNTIF(F11:I11,"") -> 3 | AF11: =COUNTIF(J11:K11,"") -> 1 | AG11: =COUNTIF(L11:N11,"") -> 3 | AH11: =COUNTIF(O11:R11,"") -> 3 | AI11: =COUNTIF(S11:T11,"") -> 2 | AJ11: =COUNTIF(U11:W11,"") -> 3 | AK11: =COUNTIF(X11:AA11,"") -> 4 | AL11: =COUNTIF(AB11:AC11,"") -> 2
B12: 2 | C12: =IF(Shift1!O12="AM",$E$2,IF(Shift2!O12="AM",$E$3,IF(Shift3!O12="AM",$E$4,IF(Shift4!O12="AM",$E$5,IF(Shift5!O12="AM",$E$6))))) | D12: =IF(Shift1!Q12="AM",$H$2,IF(Shift2!Q12="AM",$H$3,IF(Shift3!Q12="AM",$H$4,IF(Shift4!Q12="AM",$H$5,IF(Shift5!Q12="AM",$H$6))))) | E12: =IF(Shift1!S12="AM",$K$2,IF(Shift2!S12="AM",$K$3,IF(Shift3!S12="AM",$K$4,IF(Shift4!S12="AM",$K$5,IF(Shift5!S12="AM",$K$6))))) | F12: =IF(Shift1!U12="AM",$N$2,IF(Shift2!U12="AM",$N$3,IF(Shift3!U12="AM",$N$4,IF(Shift4!U12="AM",$N$5,IF(Shift5!U12="AM",$N$6))))) | G12: =IF(Shift1!W12="AM",$Q$2,IF(Shift2!W12="AM",$Q$3,IF(Shift3!W12="AM",$Q$4,IF(Shift4!W12="AM",$Q$5,IF(Shift5!W12="AM",$Q$6))))) -> FALSE | H12: =IF(Shift1!Y12="AM",$T$2,IF(Shift2!Y12="AM",$T$3,IF(Shift3!Y12="AM",$T$4,IF(Shift4!Y12="AM",$T$5,IF(Shift5!Y12="AM",$T$6))))) | I12: =IF(Shift1!AA12="AM",$W$2,IF(Shift2!AA12="AM",$W$3,IF(Shift3!AA12="AM",$W$4,IF(Shift4!AA12="AM",$W$5,IF(Shift5!AA12="AM",$W$6))))) | J12: =IF(Shift1!AG12="AM",$AC$2,IF(Shift2!AG12="AM",$AC$3,IF(Shift3!AG12="AM",$AC$4,IF(Shift4!AG12="AM",$AC$5,IF(Shift5!AG12="AM",$AC$6))))) | K12: =IF(Shift1!AI12="AM",$AF$2,IF(Shift2!AI12="AM",$AF$3,IF(Shift3!AI12="AM",$AF$4,IF(Shift4!AI12="AM",$AF$5,IF(Shift5!AI12="AM",$AF$6))))) | L12: =IF(Shift1!$O12="PM",$E$2,IF(Shift2!$O12="PM",$E$3,IF(Shift3!$O12="PM",$E$4,IF(Shift4!$O12="PM",$E$5,IF(Shift5!$O12="PM",$E$6))))) | M12: =IF(Shift1!$Q12="PM",$H$2,IF(Shift2!$Q12="PM",$H$3,IF(Shift3!$Q12="PM",$H$4,IF(Shift4!$Q12="PM",$H$5,IF(Shift5!$Q12="PM",$H$6))))) | N12: =IF(Shift1!$S12="PM",$K$2,IF(Shift2!$S12="PM",$K$3,IF(Shift3!$S12="PM",$K$4,IF(Shift4!$S12="PM",$K$5,IF(Shift5!$S12="PM",$K$6))))) | O12: =IF(Shift1!$U12="PM",$N$2,IF(Shift2!$U12="PM",$N$3,IF(Shift3!$U12="PM",$N$4,IF(Shift4!$U12="PM",$N$5,IF(Shift5!$U12="PM",$N$6))))) | P12: =IF(Shift1!$W12="PM",$Q$2,IF(Shift2!$W12="PM",$Q$3,IF(Shift3!$W12="PM",$Q$4,IF(Shift4!$W12="PM",$Q$5,IF(Shift5!$W12="PM",$Q$6))))) -> FALSE | Q12: =IF(Shift1!$Y12="PM",$T$2,IF(Shift2!$Y12="PM",$T$3,IF(Shift3!$Y12="PM",$T$4,IF(Shift4!$Y12="PM",$T$5,IF(Shift5!$Y12="PM",$T$6))))) | R12: =IF(Shift1!$AA12="PM",$W$2,IF(Shift2!$AA12="PM",$W$3,IF(Shift3!$AA12="PM",$W$4,IF(Shift4!$AA12="PM",$W$5,IF(Shift5!$AA12="PM",$W$6))))) | S12: =IF(Shift1!$AG12="PM",$AC$2,IF(Shift2!$AG12="PM",$AC$3,IF(Shift3!$AG12="PM",$AC$4,IF(Shift4!$AG12="PM",$AC$5,IF(Shift5!$AG12="PM",$AC$6))))) | T12: =IF(Shift1!$AI12="PM",$AF$2,IF(Shift2!$AI12="PM",$AF$3,IF(Shift3!$AI12="PM",$AF$4,IF(Shift4!$AI12="PM",$AF$5,IF(Shift5!$AI12="PM",$AF$6))))) -> FALSE | U12: =IF(Shift1!$O12="N",$E$2,IF(Shift2!$O12="N",$E$3,IF(Shift3!$O12="N",$E$4,IF(Shift4!$O12="N",$E$5,IF(Shift5!$O12="N",$E$6))))) | V12: =IF(Shift1!$Q12="N",$H$2,IF(Shift2!$Q12="N",$H$3,IF(Shift3!$Q12="N",$H$4,IF(Shift4!$Q12="N",$H$5,IF(Shift5!$Q12="N",$H$6))))) | W12: =IF(Shift1!$S12="N",$K$2,IF(Shift2!$S12="N",$K$3,IF(Shift3!$S12="N",$K$4,IF(Shift4!$S12="N",$K$5,IF(Shift5!$S12="N",$K$6))))) | X12: =IF(Shift1!$U12="N",$N$2,IF(Shift2!$U12="N",$N$3,IF(Shift3!$U12="N",$N$4,IF(Shift4!$U12="N",$N$5,IF(Shift5!$U12="N",$N$6))))) | Y12: =IF(Shift1!$W12="N",$Q$2,IF(Shift2!$W12="N",$Q$3,IF(Shift3!$W12="N",$Q$4,IF(Shift4!$W12="N",$Q$5,IF(Shift5!$W12="N",$Q$6))))) -> FALSE | Z12: =IF(Shift1!$Y12="N",$T$2,IF(Shift2!$Y12="N",$T$3,IF(Shift3!$Y12="N",$T$4,IF(Shift4!$Y12="N",$T$5,IF(Shift5!$Y12="N",$T$6))))) | AA12: =IF(Shift1!$AA12="N",$W$2,IF(Shift2!$AA12="N",$W$3,IF(Shift3!$AA12="N",$W$4,IF(Shift4!$AA12="N",$W$5,IF(Shift5!$AA12="N",$W$6))))) | AB12: =IF(Shift1!$AG12="N",$AC$2,IF(Shift2!$AG12="N",$AC$3,IF(Shift3!$AG12="N",$AC$4,IF(Shift4!$AG12="N",$AC$5,IF(Shift5!$AG12="N",$AC$6))))) | AC12: =IF(Shift1!$AI12="N",$AF$2,IF(Shift2!$AI12="N",$AF$3,IF(Shift3!$AI12="N",$AF$4,IF(Shift4!$AI12="N",$AF$5,IF(Shift5!$AI12="N",$AF$6))))) | AD12: =COUNTIF(C12:E12,"") -> 3 | AE12: =COUNTIF(F12:I12,"") -> 3 | AF12: =COUNTIF(J12:K12,"") -> 2 | AG12: =COUNTIF(L12:N12,"") -> 3 | AH12: =COUNTIF(O12:R12,"") -> 3 | AI12: =COUNTIF(S12:T12,"") -> 1 | AJ12: =COUNTIF(U12:W12,"") -> 3 | AK12: =COUNTIF(X12:AA12,"") -> 3 | AL12: =COUNTIF(AB12:AC12,"") -> 2
A13: J | B13: 3 | C13: =IF(Shift1!O13="AM",$E$2,IF(Shift2!O13="AM",$E$3,IF(Shift3!O13="AM",$E$4,IF(Shift4!O13="AM",$E$5,IF(Shift5!O13="AM",$E$6))))) | D13: =IF(Shift1!Q13="AM",$H$2,IF(Shift2!Q13="AM",$H$3,IF(Shift3!Q13="AM",$H$4,IF(Shift4!Q13="AM",$H$5,IF(Shift5!Q13="AM",$H$6))))) | E13: =IF(Shift1!S13="AM",$K$2,IF(Shift2!S13="AM",$K$3,IF(Shift3!S13="AM",$K$4,IF(Shift4!S13="AM",$K$5,IF(Shift5!S13="AM",$K$6))))) | F13: =IF(Shift1!U13="AM",$N$2,IF(Shift2!U13="AM",$N$3,IF(Shift3!U13="AM",$N$4,IF(Shift4!U13="AM",$N$5,IF(Shift5!U13="AM",$N$6))))) | G13: =IF(Shift1!W13="AM",$Q$2,IF(Shift2!W13="AM",$Q$3,IF(Shift3!W13="AM",$Q$4,IF(Shift4!W13="AM",$Q$5,IF(Shift5!W13="AM",$Q$6))))) -> FALSE | H13: =IF(Shift1!Y13="AM",$T$2,IF(Shift2!Y13="AM",$T$3,IF(Shift3!Y13="AM",$T$4,IF(Shift4!Y13="AM",$T$5,IF(Shift5!Y13="AM",$T$6))))) | I13: =IF(Shift1!AA13="AM",$W$2,IF(Shift2!AA13="AM",$W$3,IF(Shift3!AA13="AM",$W$4,IF(Shift4!AA13="AM",$W$5,IF(Shift5!AA13="AM",$W$6))))) | J13: =IF(Shift1!AG13="AM",$AC$2,IF(Shift2!AG13="AM",$AC$3,IF(Shift3!AG13="AM",$AC$4,IF(Shift4!AG13="AM",$AC$5,IF(Shift5!AG13="AM",$AC$6))))) | K13: =IF(Shift1!AI13="AM",$AF$2,IF(Shift2!AI13="AM",$AF$3,IF(Shift3!AI13="AM",$AF$4,IF(Shift4!AI13="AM",$AF$5,IF(Shift5!AI13="AM",$AF$6))))) | L13: =IF(Shift1!$O13="PM",$E$2,IF(Shift2!$O13="PM",$E$3,IF(Shift3!$O13="PM",$E$4,IF(Shift4!$O13="PM",$E$5,IF(Shift5!$O13="PM",$E$6))))) | M13: =IF(Shift1!$Q13="PM",$H$2,IF(Shift2!$Q13="PM",$H$3,IF(Shift3!$Q13="PM",$H$4,IF(Shift4!$Q13="PM",$H$5,IF(Shift5!$Q13="PM",$H$6))))) | N13: =IF(Shift1!$S13="PM",$K$2,IF(Shift2!$S13="PM",$K$3,IF(Shift3!$S13="PM",$K$4,IF(Shift4!$S13="PM",$K$5,IF(Shift5!$S13="PM",$K$6))))) | O13: =IF(Shift1!$U13="PM",$N$2,IF(Shift2!$U13="PM",$N$3,IF(Shift3!$U13="PM",$N$4,IF(Shift4!$U13="PM",$N$5,IF(Shift5!$U13="PM",$N$6))))) | P13: =IF(Shift1!$W13="PM",$Q$2,IF(Shift2!$W13="PM",$Q$3,IF(Shift3!$W13="PM",$Q$4,IF(Shift4!$W13="PM",$Q$5,IF(Shift5!$W13="PM",$Q$6))))) -> FALSE | Q13: =IF(Shift1!$Y13="PM",$T$2,IF(Shift2!$Y13="PM",$T$3,IF(Shift3!$Y13="PM",$T$4,IF(Shift4!$Y13="PM",$T$5,IF(Shift5!$Y13="PM",$T$6))))) | R13: =IF(Shift1!$AA13="PM",$W$2,IF(Shift2!$AA13="PM",$W$3,IF(Shift3!$AA13="PM",$W$4,IF(Shift4!$AA13="PM",$W$5,IF(Shift5!$AA13="PM",$W$6))))) | S13: =IF(Shift1!$AG13="PM",$AC$2,IF(Shift2!$AG13="PM",$AC$3,IF(Shift3!$AG13="PM",$AC$4,IF(Shift4!$AG13="PM",$AC$5,IF(Shift5!$AG13="PM",$AC$6))))) | T13: =IF(Shift1!$AI13="PM",$AF$2,IF(Shift2!$AI13="PM",$AF$3,IF(Shift3!$AI13="PM",$AF$4,IF(Shift4!$AI13="PM",$AF$5,IF(Shift5!$AI13="PM",$AF$6))))) -> FALSE | U13: =IF(Shift1!$O13="N",$E$2,IF(Shift2!$O13="N",$E$3,IF(Shift3!$O13="N",$E$4,IF(Shift4!$O13="N",$E$5,IF(Shift5!$O13="N",$E$6))))) | V13: =IF(Shift1!$Q13="N",$H$2,IF(Shift2!$Q13="N",$H$3,IF(Shift3!$Q13="N",$H$4,IF(Shift4!$Q13="N",$H$5,IF(Shift5!$Q13="N",$H$6))))) | W13: =IF(Shift1!$S13="N",$K$2,IF(Shift2!$S13="N",$K$3,IF(Shift3!$S13="N",$K$4,IF(Shift4!$S13="N",$K$5,IF(Shift5!$S13="N",$K$6))))) | X13: =IF(Shift1!$U13="N",$N$2,IF(Shift2!$U13="N",$N$3,IF(Shift3!$U13="N",$N$4,IF(Shift4!$U13="N",$N$5,IF(Shift5!$U13="N",$N$6))))) | Y13: =IF(Shift1!$W13="N",$Q$2,IF(Shift2!$W13="N",$Q$3,IF(Shift3!$W13="N",$Q$4,IF(Shift4!$W13="N",$Q$5,IF(Shift5!$W13="N",$Q$6))))) -> FALSE | Z13: =IF(Shift1!$Y13="N",$T$2,IF(Shift2!$Y13="N",$T$3,IF(Shift3!$Y13="N",$T$4,IF(Shift4!$Y13="N",$T$5,IF(Shift5!$Y13="N",$T$6))))) | AA13: =IF(Shift1!$AA13="N",$W$2,IF(Shift2!$AA13="N",$W$3,IF(Shift3!$AA13="N",$W$4,IF(Shift4!$AA13="N",$W$5,IF(Shift5!$AA13="N",$W$6))))) | AB13: =IF(Shift1!$AG13="N",$AC$2,IF(Shift2!$AG13="N",$AC$3,IF(Shift3!$AG13="N",$AC$4,IF(Shift4!$AG13="N",$AC$5,IF(Shift5!$AG13="N",$AC$6))))) | AC13: =IF(Shift1!$AI13="N",$AF$2,IF(Shift2!$AI13="N",$AF$3,IF(Shift3!$AI13="N",$AF$4,IF(Shift4!$AI13="N",$AF$5,IF(Shift5!$AI13="N",$AF$6))))) | AD13: =COUNTIF(C13:E13,"") -> 3 | AE13: =COUNTIF(F13:I13,"") -> 3 | AF13: =COUNTIF(J13:K13,"") -> 2 | AG13: =COUNTIF(L13:N13,"") -> 3 | AH13: =COUNTIF(O13:R13,"") -> 3 | AI13: =COUNTIF(S13:T13,"") -> 1 | AJ13: =COUNTIF(U13:W13,"") -> 3 | AK13: =COUNTIF(X13:AA13,"") -> 3 | AL13: =COUNTIF(AB13:AC13,"") -> 2
A14: A | B14: 4 | C14: =IF(Shift1!O14="AM",$E$2,IF(Shift2!O14="AM",$E$3,IF(Shift3!O14="AM",$E$4,IF(Shift4!O14="AM",$E$5,IF(Shift5!O14="AM",$E$6))))) | D14: =IF(Shift1!Q14="AM",$H$2,IF(Shift2!Q14="AM",$H$3,IF(Shift3!Q14="AM",$H$4,IF(Shift4!Q14="AM",$H$5,IF(Shift5!Q14="AM",$H$6))))) | E14: =IF(Shift1!S14="AM",$K$2,IF(Shift2!S14="AM",$K$3,IF(Shift3!S14="AM",$K$4,IF(Shift4!S14="AM",$K$5,IF(Shift5!S14="AM",$K$6))))) | F14: =IF(Shift1!U14="AM",$N$2,IF(Shift2!U14="AM",$N$3,IF(Shift3!U14="AM",$N$4,IF(Shift4!U14="AM",$N$5,IF(Shift5!U14="AM",$N$6))))) | G14: =IF(Shift1!W14="AM",$Q$2,IF(Shift2!W14="AM",$Q$3,IF(Shift3!W14="AM",$Q$4,IF(Shift4!W14="AM",$Q$5,IF(Shift5!W14="AM",$Q$6))))) -> FALSE | H14: =IF(Shift1!Y14="AM",$T$2,IF(Shift2!Y14="AM",$T$3,IF(Shift3!Y14="AM",$T$4,IF(Shift4!Y14="AM",$T$5,IF(Shift5!Y14="AM",$T$6))))) | I14: =IF(Shift1!AA14="AM",$W$2,IF(Shift2!AA14="AM",$W$3,IF(Shift3!AA14="AM",$W$4,IF(Shift4!AA14="AM",$W$5,IF(Shift5!AA14="AM",$W$6))))) | J14: =IF(Shift1!AG14="AM",$AC$2,IF(Shift2!AG14="AM",$AC$3,IF(Shift3!AG14="AM",$AC$4,IF(Shift4!AG14="AM",$AC$5,IF(Shift5!AG14="AM",$AC$6))))) | K14: =IF(Shift1!AI14="AM",$AF$2,IF(Shift2!AI14="AM",$AF$3,IF(Shift3!AI14="AM",$AF$4,IF(Shift4!AI14="AM",$AF$5,IF(Shift5!AI14="AM",$AF$6))))) | L14: =IF(Shift1!$O14="PM",$E$2,IF(Shift2!$O14="PM",$E$3,IF(Shift3!$O14="PM",$E$4,IF(Shift4!$O14="PM",$E$5,IF(Shift5!$O14="PM",$E$6))))) | M14: =IF(Shift1!$Q14="PM",$H$2,IF(Shift2!$Q14="PM",$H$3,IF(Shift3!$Q14="PM",$H$4,IF(Shift4!$Q14="PM",$H$5,IF(Shift5!$Q14="PM",$H$6))))) | N14: =IF(Shift1!$S14="PM",$K$2,IF(Shift2!$S14="PM",$K$3,IF(Shift3!$S14="PM",$K$4,IF(Shift4!$S14="PM",$K$5,IF(Shift5!$S14="PM",$K$6))))) | O14: =IF(Shift1!$U14="PM",$N$2,IF(Shift2!$U14="PM",$N$3,IF(Shift3!$U14="PM",$N$4,IF(Shift4!$U14="PM",$N$5,IF(Shift5!$U14="PM",$N$6))))) | P14: =IF(Shift1!$W14="PM",$Q$2,IF(Shift2!$W14="PM",$Q$3,IF(Shift3!$W14="PM",$Q$4,IF(Shift4!$W14="PM",$Q$5,IF(Shift5!$W14="PM",$Q$6))))) -> FALSE | Q14: =IF(Shift1!$Y14="PM",$T$2,IF(Shift2!$Y14="PM",$T$3,IF(Shift3!$Y14="PM",$T$4,IF(Shift4!$Y14="PM",$T$5,IF(Shift5!$Y14="PM",$T$6))))) | R14: =IF(Shift1!$AA14="PM",$W$2,IF(Shift2!$AA14="PM",$W$3,IF(Shift3!$AA14="PM",$W$4,IF(Shift4!$AA14="PM",$W$5,IF(Shift5!$AA14="PM",$W$6))))) | S14: =IF(Shift1!$AG14="PM",$AC$2,IF(Shift2!$AG14="PM",$AC$3,IF(Shift3!$AG14="PM",$AC$4,IF(Shift4!$AG14="PM",$AC$5,IF(Shift5!$AG14="PM",$AC$6))))) | T14: =IF(Shift1!$AI14="PM",$AF$2,IF(Shift2!$AI14="PM",$AF$3,IF(Shift3!$AI14="PM",$AF$4,IF(Shift4!$AI14="PM",$AF$5,IF(Shift5!$AI14="PM",$AF$6))))) -> FALSE | U14: =IF(Shift1!$O14="N",$E$2,IF(Shift2!$O14="N",$E$3,IF(Shift3!$O14="N",$E$4,IF(Shift4!$O14="N",$E$5,IF(Shift5!$O14="N",$E$6))))) | V14: =IF(Shift1!$Q14="N",$H$2,IF(Shift2!$Q14="N",$H$3,IF(Shift3!$Q14="N",$H$4,IF(Shift4!$Q14="N",$H$5,IF(Shift5!$Q14="N",$H$6))))) | W14: =IF(Shift1!$S14="N",$K$2,IF(Shift2!$S14="N",$K$3,IF(Shift3!$S14="N",$K$4,IF(Shift4!$S14="N",$K$5,IF(Shift5!$S14="N",$K$6))))) | X14: =IF(Shift1!$U14="N",$N$2,IF(Shift2!$U14="N",$N$3,IF(Shift3!$U14="N",$N$4,IF(Shift4!$U14="N",$N$5,IF(Shift5!$U14="N",$N$6))))) | Y14: =IF(Shift1!$W14="N",$Q$2,IF(Shift2!$W14="N",$Q$3,IF(Shift3!$W14="N",$Q$4,IF(Shift4!$W14="N",$Q$5,IF(Shift5!$W14="N",$Q$6))))) -> FALSE | Z14: =IF(Shift1!$Y14="N",$T$2,IF(Shift2!$Y14="N",$T$3,IF(Shift3!$Y14="N",$T$4,IF(Shift4!$Y14="N",$T$5,IF(Shift5!$Y14="N",$T$6))))) | AA14: =IF(Shift1!$AA14="N",$W$2,IF(Shift2!$AA14="N",$W$3,IF(Shift3!$AA14="N",$W$4,IF(Shift4!$AA14="N",$W$5,IF(Shift5!$AA14="N",$W$6))))) | AB14: =IF(Shift1!$AG14="N",$AC$2,IF(Shift2!$AG14="N",$AC$3,IF(Shift3!$AG14="N",$AC$4,IF(Shift4!$AG14="N",$AC$5,IF(Shift5!$AG14="N",$AC$6))))) | AC14: =IF(Shift1!$AI14="N",$AF$2,IF(Shift2!$AI14="N",$AF$3,IF(Shift3!$AI14="N",$AF$4,IF(Shift4!$AI14="N",$AF$5,IF(Shift5!$AI14="N",$AF$6))))) | AD14: =COUNTIF(C14:E14,"") -> 3 | AE14: =COUNTIF(F14:I14,"") -> 3 | AF14: =COUNTIF(J14:K14,"") -> 2 | AG14: =COUNTIF(L14:N14,"") -> 3 | AH14: =COUNTIF(O14:R14,"") -> 3 | AI14: =COUNTIF(S14:T14,"") -> 1 | AJ14: =COUNTIF(U14:W14,"") -> 3 | AK14: =COUNTIF(X14:AA14,"") -> 3 | AL14: =COUNTIF(AB14:AC14,"") -> 2
